{"is_source_file": true, "format": "SQL", "description": "This file contains Row Level Security (RLS) policies and security functions for a database supporting a game backend, including policies for users, zones, missions, notifications, and activity log tables.", "external_files": [], "external_methods": ["auth.uid()", "ZONE_OWNER()", "zone_is_attackable()", "is_authenticated()"], "published": ["user_owns_zone", "zone_is_attackable", "is_authenticated"], "classes": [], "methods": [{"name": "user_owns_zone", "description": "Checks if a user owns a specific zone based on zone ID and user ID."}, {"name": "zone_is_attackable", "description": "Determines if a zone can be attacked by a user, based on zone ownership."}, {"name": "is_authenticated", "description": "Checks if the current user is authenticated."}], "calls": ["auth.uid()", "EXISTS (SELECT 1 FROM zones WHERE id = zone_id AND owner_id = user_id)", "SELECT owner_id INTO zone_owner FROM zones WHERE id = zone_id", "auth.uid() IS NOT NULL"], "search-terms": ["Row Level Security policies", "RLS policies", "SQL security functions", "game backend security", "policy creation"], "state": 2, "file_id": 3, "knowledge_revision": 13, "git_revision": "536fe4a6b2fa0c3b8cdf9e84c981fc2aac9de21e", "revision_history": [{"8": "2d4acf7d979bf16a753d2fd3d0fb320f3da6caa4"}, {"13": "536fe4a6b2fa0c3b8cdf9e84c981fc2aac9de21e"}], "hash": "49fe7d9e6b19639f1b60f77a3dead545", "format-version": 4, "code-base-name": "game_backend", "filename": "game_backend/rls.sql"}