{"is_source_file": false, "format": "", "description": "", "external_files": [], "external_methods": [], "published": [], "classes": [], "methods": [], "calls": [], "search-terms": [], "state": 2, "file_id": 20, "knowledge_revision": 107, "git_revision": "288af2c5247aaa7338f150eb0dfbf9553b7048ac", "revision_history": [{"65": "3c4159d74f2f003cbe8876e9308ab7832e027a58"}, {"84": "04b3246851ae10567b69695e835750ddfc87619e"}, {"107": "288af2c5247aaa7338f150eb0dfbf9553b7048ac"}], "hash": "1f8ca2a451ad2131f4830db65a725838", "format-version": 4, "code-base-name": "game_backend", "filename": "game_backend/README.md"}