{"is_source_file": false, "format": "", "description": "", "external_files": [], "external_methods": [], "published": [], "classes": [], "methods": [], "calls": [], "search-terms": [], "state": 2, "file_id": 20, "knowledge_revision": 47, "git_revision": "c2b4720579c8e11ff8f0ec060c27f46eeddaf35b", "hash": "03affc9b2edf2f8d916e6a869a8b823a", "format-version": 4, "code-base-name": "game_backend", "filename": "game_backend/README.md", "revision_history": [{"47": "c2b4720579c8e11ff8f0ec060c27f46eeddaf35b"}]}