{"is_source_file": true, "format": "JavaScript (Node.js/Express.js)", "description": "This file defines Express.js route handlers for player-related API endpoints, including fetching player stats, updating location, and retrieving activity logs, with input validation and authentication middleware.", "external_files": ["../middleware/auth.js", "../utils/supabase.js", "../utils/logger.js"], "external_methods": ["authenticate", "callRPC", "logger.error"], "published": [], "classes": [], "methods": [{"name": "validate", "description": "Middleware utility function for validating request data using Joi schemas"}], "calls": ["callRPC('get_player_stats', { user_id: userId })", "callRPC('update_user_location', { p_user_id, p_lat, p_lon })", "callRPC('get_user_activity_log', { p_user_id, limit_count })", "logger.error"], "search-terms": ["player routes", "express Router", "validate middleware", "player stats API", "update location endpoint", "activity log retrieval"], "state": 2, "file_id": 15, "knowledge_revision": 58, "git_revision": "b6e1afb1699bb8488e9e9a23dadccf9079ddfd56", "revision_history": [{"42": "c2b4720579c8e11ff8f0ec060c27f46eeddaf35b"}, {"58": "b6e1afb1699bb8488e9e9a23dadccf9079ddfd56"}], "ctags": [{"_type": "tag", "name": "abortEarly", "path": "/home/kavia/workspace/code-generation/territory-quest-318867-318876/game_backend/src/routes/player.js", "pattern": "/^      abortEarly: false,$/", "language": "JavaScript", "kind": "property", "scope": "validationOptions", "scopeKind": "class"}, {"_type": "tag", "name": "allowUnknown", "path": "/home/kavia/workspace/code-generation/territory-quest-318867-318876/game_backend/src/routes/player.js", "pattern": "/^      allowUnknown: true,$/", "language": "JavaScript", "kind": "property", "scope": "validationOptions", "scopeKind": "class"}, {"_type": "tag", "name": "errors", "path": "/home/kavia/workspace/code-generation/territory-quest-318867-318876/game_backend/src/routes/player.js", "pattern": "/^      const errors = error.details.map(detail => ({$/", "language": "JavaScript", "kind": "constant"}, {"_type": "tag", "name": "router", "path": "/home/kavia/workspace/code-generation/territory-quest-318867-318876/game_backend/src/routes/player.js", "pattern": "/^const router = express.Router();$/", "language": "JavaScript", "kind": "constant"}, {"_type": "tag", "name": "schemaToValidate", "path": "/home/kavia/workspace/code-generation/territory-quest-318867-318876/game_backend/src/routes/player.js", "pattern": "/^    const schemaToValidate = Joi.object(schema);$/", "language": "JavaScript", "kind": "constant"}, {"_type": "tag", "name": "stripUnknown", "path": "/home/kavia/workspace/code-generation/territory-quest-318867-318876/game_backend/src/routes/player.js", "pattern": "/^      stripUnknown: true$/", "language": "JavaScript", "kind": "property", "scope": "validationOptions", "scopeKind": "class"}, {"_type": "tag", "name": "toValidate", "path": "/home/kavia/workspace/code-generation/territory-quest-318867-318876/game_backend/src/routes/player.js", "pattern": "/^    const toValidate = {};$/", "language": "JavaScript", "kind": "constant"}, {"_type": "tag", "name": "validate", "path": "/home/kavia/workspace/code-generation/territory-quest-318867-318876/game_backend/src/routes/player.js", "pattern": "/^const validate = (schema) => {$/", "language": "JavaScript", "kind": "constant"}, {"_type": "tag", "name": "validationOptions", "path": "/home/kavia/workspace/code-generation/territory-quest-318867-318876/game_backend/src/routes/player.js", "pattern": "/^    const validationOptions = {$/", "language": "JavaScript", "kind": "class"}], "hash": "5c11a1254c6ee09900668f91f949db93", "format-version": 4, "code-base-name": "game_backend", "filename": "game_backend/src/routes/player.js", "fields": [{"name": "abortEarly: false,", "scope": "validationOptions", "scopeKind": "class", "description": "unavailable"}, {"name": "allowUnknown: true,", "scope": "validationOptions", "scopeKind": "class", "description": "unavailable"}, {"name": "stripUnknown: true", "scope": "validationOptions", "scopeKind": "class", "description": "unavailable"}]}