{"is_source_file": true, "format": "SQL", "description": "This file contains Row Level Security (RLS) policies, policies for table access control, triggers for validation, and helper functions related to access and validation for a game's backend database.", "external_files": [], "external_methods": ["auth.uid()", "RAISE EXCEPTION", "CREATE FUNCTION", "DROP FUNCTION", "CREATE TRIGGER", "DROP TRIGGER", "EXISTS", "SELECT"], "published": ["validate_user_sensitive_fields", "validate_notification_updates", "user_owns_zone", "zone_is_attackable", "is_authenticated"], "classes": [], "methods": [{"name": "validate_user_sensitive_fields", "description": "Trigger function to prevent decreasing total_ep and respect_level in users table."}, {"name": "validate_notification_updates", "description": "Trigger function to ensure notifications are only marked as read, not modified otherwise."}, {"name": "user_owns_zone", "description": "Helper function to check if a user owns a specific zone."}, {"name": "zone_is_attackable", "description": "Helper function to determine if a zone can be attacked by a user."}, {"name": "is_authenticated", "description": "Helper function to verify if the current user is authenticated."}], "calls": ["auth.uid()", "RAISE EXCEPTION", "EXISTS", "SELECT", "CREATE FUNCTION", "DROP FUNCTION", "CREATE TRIGGER", "DROP TRIGGER", "REPLACE FUNCTION"], "search-terms": ["Row Level Security", "RLS policies", "zone_owner", "zone attack", "activity_log", "notifications", "user_profiles", "security policies", "trigger functions", "validation functions"], "state": 2, "file_id": 3, "knowledge_revision": 120, "git_revision": "1e0b53049d05656c21e95549ac516ab5d79ce8e6", "revision_history": [{"8": "2d4acf7d979bf16a753d2fd3d0fb320f3da6caa4"}, {"13": "536fe4a6b2fa0c3b8cdf9e84c981fc2aac9de21e"}, {"14": "536fe4a6b2fa0c3b8cdf9e84c981fc2aac9de21e"}, {"15": "536fe4a6b2fa0c3b8cdf9e84c981fc2aac9de21e"}, {"75": "536fe4a6b2fa0c3b8cdf9e84c981fc2aac9de21e"}, {"120": "1e0b53049d05656c21e95549ac516ab5d79ce8e6"}], "hash": "7a61be4eaf80afdf89a57a73e5d95f18", "format-version": 4, "code-base-name": "game_backend", "filename": "game_backend/rls.sql"}