{"is_source_file": false, "format": "", "description": "", "external_files": [], "external_methods": [], "published": [], "classes": [], "methods": [], "calls": [], "search-terms": [], "state": 2, "file_id": 5, "knowledge_revision": 51, "git_revision": "f7a828da9e7f0829a4404b1fbb21d9f52533e2ef", "hash": "a2454d47f8c1d551469c19b05305f82a", "format-version": 4, "code-base-name": "game_backend", "filename": "game_backend/package.json", "revision_history": [{"51": "f7a828da9e7f0829a4404b1fbb21d9f52533e2ef"}]}