{"is_source_file": true, "format": "JavaScript", "description": "This file sets up routing for the backend API endpoints of a territory capture game, importing individual route modules and defining some basic API documentation and a WebSocket stats endpoint.", "external_files": ["../websocket/index.js", "./auth.js", "./groups.js", "./zones.js", "./player.js", "./missions.js", "./notifications.js", "./leaderboard.js", "./utils.js"], "external_methods": ["getConnectionStats"], "published": ["router"], "classes": [], "methods": [{"name": "router.get", "description": "Defines GET endpoints, including '/' for API documentation and '/ws/stats' for WebSocket connection statistics."}, {"name": "router.use", "description": "Mounts route modules for specific URL paths."}], "calls": ["getConnectionStats"], "search-terms": ["index.js", "express router", "WebSocket stats", "routes", "API documentation", "territory capture game backend"], "state": 2, "file_id": 13, "knowledge_revision": 105, "git_revision": "288af2c5247aaa7338f150eb0dfbf9553b7048ac", "revision_history": [{"40": "c2b4720579c8e11ff8f0ec060c27f46eeddaf35b"}, {"67": "3c4159d74f2f003cbe8876e9308ab7832e027a58"}, {"94": "48a8f4bc6ce83e17c36db87c057f7e282740e193"}, {"105": "288af2c5247aaa7338f150eb0dfbf9553b7048ac"}], "ctags": [{"_type": "tag", "name": "router", "path": "/home/kavia/workspace/code-generation/territory-quest-318867-318876/game_backend/src/routes/index.js", "pattern": "/^const router = express.Router();$/", "language": "JavaScript", "kind": "constant"}], "hash": "752333205b2b66d4b88ceca3f134e471", "format-version": 4, "code-base-name": "game_backend", "filename": "game_backend/src/routes/index.js"}