{"is_source_file": false, "format": "", "description": "", "external_files": [], "external_methods": [], "published": [], "classes": [], "methods": [], "calls": [], "search-terms": ["WebSocket", "realtime notifications", "WebSocket server", "supabase realtime", "WebSocket message handling", "connection lifecycle", "authentication message", "notification message", "WebSocket heartbeat", "WebSocket reconnection", "WebSocket protocol", "client-server communication", "WebSocket connection URL"], "state": 2, "file_id": 24, "knowledge_revision": 68, "git_revision": "3c4159d74f2f003cbe8876e9308ab7832e027a58", "hash": "9336535e84e0bc09d1c4fd43bf196c9d", "format-version": 4, "code-base-name": "game_backend", "filename": "game_backend/docs/WEBSOCKET.md", "revision_history": [{"68": "3c4159d74f2f003cbe8876e9308ab7832e027a58"}]}