{"is_source_file": true, "format": "JavaScript (ES6 module syntax)", "description": "This file sets up API route handlers for a game backend server, providing API documentation, WebSocket stats, and mounting other route modules.", "external_files": ["./zones.js", "./player.js", "./missions.js", "./notifications.js", "./leaderboard.js", "./utils.js", "../websocket/index.js"], "external_methods": ["getConnectionStats"], "published": ["router"], "classes": [], "methods": [{"name": "Router.get (/) ", "description": "Handles GET request to the root API endpoint, returning API documentation and endpoint info."}, {"name": "Router.get (/ws/stats)", "description": "Handles GET request to retrieve WebSocket connection statistics."}, {"name": "Router.use", "description": "Mounts sub-route modules for specific API functionalities."}], "calls": ["getConnectionStats"], "search-terms": ["index.js", "API documentation", "WebSocket stats", "Express routes", "route mounting", "game backend"], "state": 2, "file_id": 13, "knowledge_revision": 94, "git_revision": "48a8f4bc6ce83e17c36db87c057f7e282740e193", "revision_history": [{"40": "c2b4720579c8e11ff8f0ec060c27f46eeddaf35b"}, {"67": "3c4159d74f2f003cbe8876e9308ab7832e027a58"}, {"94": "48a8f4bc6ce83e17c36db87c057f7e282740e193"}], "ctags": [{"_type": "tag", "name": "router", "path": "/home/kavia/workspace/code-generation/territory-quest-318867-318876/game_backend/src/routes/index.js", "pattern": "/^const router = express.Router();$/", "language": "JavaScript", "kind": "constant"}], "hash": "b45775066e50568a63217859e4da8ebd", "format-version": 4, "code-base-name": "game_backend", "filename": "game_backend/src/routes/index.js"}