{"is_source_file": true, "format": "JavaScript", "description": "This file defines a middleware function for logging HTTP requests in a Node.js/Express server environment. It logs request method, URL, IP, response status, and response time, with different log levels based on the response status code.", "external_files": ["../utils/logger.js"], "external_methods": ["logger.error", "logger.warn", "logger.info"], "published": ["requestLogger"], "classes": [], "methods": [{"name": "requestLogger", "description": "Middleware function that logs details of each incoming HTTP request and its corresponding response, including method, URL, IP, status code, and duration."}], "calls": ["Date.now()", "res.on('finish')", "logger.error", "logger.warn", "logger.info", "next"], "search-terms": ["requestLogger", "HTTP request middleware", "request logging", "response time logging"], "state": 2, "file_id": 9, "knowledge_revision": 36, "git_revision": "c2b4720579c8e11ff8f0ec060c27f46eeddaf35b", "ctags": [{"_type": "tag", "name": "requestLogger", "path": "/home/kavia/workspace/code-generation/territory-quest-318867-318876/game_backend/src/middleware/requestLogger.js", "pattern": "/^export const requestLogger = (req, res, next) => {$/", "language": "JavaScript", "kind": "constant"}, {"_type": "tag", "name": "startTime", "path": "/home/kavia/workspace/code-generation/territory-quest-318867-318876/game_backend/src/middleware/requestLogger.js", "pattern": "/^  const startTime = Date.now();$/", "language": "JavaScript", "kind": "constant"}], "hash": "f71f40e7db67a56ed6154b45cf43f6a7", "format-version": 4, "code-base-name": "game_backend", "filename": "game_backend/src/middleware/requestLogger.js", "revision_history": [{"36": "c2b4720579c8e11ff8f0ec060c27f46eeddaf35b"}]}