{"is_source_file": true, "format": "JavaScript", "description": "This file defines a set of functions for broadcasting various notifications and updates to users through WebSocket connections in a game backend. It exports functions to broadcast notifications, zone updates, system messages, battle events, mission updates, and level-ups, relying on external modules like '../websocket/index.js' for message sending and './logger.js' for logging.", "external_files": ["../websocket/index.js", "./logger.js"], "external_methods": ["sendToUser", "broadcastMessage"], "published": ["broadcastNotification", "broadcastZoneUpdate", "broadcastSystemMessage", "broadcastBattleEvent", "broadcastMissionUpdate", "broadcastLevelUp"], "classes": [], "methods": [{"name": "broadcastNotification", "description": "Broadcasts a notification to a specific user via WebSocket, used when a notification is created in the database."}, {"name": "broadcastZoneUpdate", "description": "Broadcasts a zone update to a zone owner; called when a zone's status or defense score changes."}, {"name": "broadcastSystemMessage", "description": "Broadcasts a system-wide message to all connected users, such as maintenance notices."}, {"name": "broadcastBattleEvent", "description": "Notifies a user about a battle event, such as attack or defend results."}, {"name": "broadcastMissionUpdate", "description": "Notifies a user of mission progress or completion."}, {"name": "broadcastLevelUp", "description": "Notifies a user of a level-up event, including new and old respect levels."}], "calls": ["sendToUser", "broadcastMessage", "logger.info", "logger.debug", "logger.error"], "search-terms": ["notificationBroadcaster", "websocket", "broadcastNotification", "broadcastZoneUpdate", "broadcastSystemMessage", "broadcastBattleEvent", "broadcastMissionUpdate", "broadcastLevelUp"], "state": 2, "file_id": 25, "knowledge_revision": 69, "git_revision": "3c4159d74f2f003cbe8876e9308ab7832e027a58", "ctags": [{"_type": "tag", "name": "broadcastBattleEvent", "path": "/home/kavia/workspace/code-generation/territory-quest-318867-318876/game_backend/src/utils/notificationBroadcaster.js", "pattern": "/^export const broadcastBattleEvent = (userId, eventType, data) => {$/", "language": "JavaScript", "kind": "constant"}, {"_type": "tag", "name": "broadcastLevelUp", "path": "/home/kavia/workspace/code-generation/territory-quest-318867-318876/game_backend/src/utils/notificationBroadcaster.js", "pattern": "/^export const broadcastLevelUp = (userId, newLevel, oldLevel) => {$/", "language": "JavaScript", "kind": "constant"}, {"_type": "tag", "name": "broadcastMissionUpdate", "path": "/home/kavia/workspace/code-generation/territory-quest-318867-318876/game_backend/src/utils/notificationBroadcaster.js", "pattern": "/^export const broadcastMissionUpdate = (userId, mission) => {$/", "language": "JavaScript", "kind": "constant"}, {"_type": "tag", "name": "broadcastNotification", "path": "/home/kavia/workspace/code-generation/territory-quest-318867-318876/game_backend/src/utils/notificationBroadcaster.js", "pattern": "/^export const broadcastNotification = (userId, notification) => {$/", "language": "JavaScript", "kind": "constant"}, {"_type": "tag", "name": "broadcastSystemMessage", "path": "/home/kavia/workspace/code-generation/territory-quest-318867-318876/game_backend/src/utils/notificationBroadcaster.js", "pattern": "/^export const broadcastSystemMessage = (message, type = 'system_message', data = {}) => {$/", "language": "JavaScript", "kind": "constant"}, {"_type": "tag", "name": "broadcastZoneUpdate", "path": "/home/kavia/workspace/code-generation/territory-quest-318867-318876/game_backend/src/utils/notificationBroadcaster.js", "pattern": "/^export const broadcastZoneUpdate = (userId, zone) => {$/", "language": "JavaScript", "kind": "constant"}, {"_type": "tag", "name": "sent", "path": "/home/kavia/workspace/code-generation/territory-quest-318867-318876/game_backend/src/utils/notificationBroadcaster.js", "pattern": "/^    const sent = broadcastMessage({$/", "language": "JavaScript", "kind": "constant"}, {"_type": "tag", "name": "sent", "path": "/home/kavia/workspace/code-generation/territory-quest-318867-318876/game_backend/src/utils/notificationBroadcaster.js", "pattern": "/^    const sent = sendToUser(userId, {$/", "language": "JavaScript", "kind": "constant"}], "hash": "d2cc092e83c029b2722a400107145927", "format-version": 4, "code-base-name": "game_backend", "filename": "game_backend/src/utils/notificationBroadcaster.js", "revision_history": [{"69": "3c4159d74f2f003cbe8876e9308ab7832e027a58"}]}