{"is_source_file": false, "format": "", "description": "", "external_files": [], "external_methods": [], "published": [], "classes": [], "methods": [], "calls": [], "search-terms": [], "state": 2, "file_id": 20, "knowledge_revision": 84, "git_revision": "04b3246851ae10567b69695e835750ddfc87619e", "revision_history": [{"65": "3c4159d74f2f003cbe8876e9308ab7832e027a58"}, {"84": "04b3246851ae10567b69695e835750ddfc87619e"}], "hash": "7ace454f4ad6d4bc60e3e52b1cefd96a", "format-version": 4, "code-base-name": "game_backend", "filename": "game_backend/README.md"}