{"is_source_file": true, "format": "JavaScript (Node.js/Express)", "description": "This file defines an Express router handling the '/api/leaderboard' endpoint, including request validation with Joi and calling a remote procedure to fetch leaderboard data.", "external_files": ["../utils/supabase.js", "../utils/logger.js"], "external_methods": ["callRPC"], "published": ["router"], "classes": [], "methods": [{"name": "validate", "description": "Middleware function that validates request parameters, query, and body against a Joi schema."}], "calls": ["callRPC('get_leaderboard', { limit_count: limit })", "logger.error('Error fetching leaderboard:', error)"], "search-terms": ["leaderboard", "express.Router", "Joi validation", "callRPC", "/api/leaderboard"], "state": 2, "file_id": 18, "knowledge_revision": 61, "git_revision": "b6e1afb1699bb8488e9e9a23dadccf9079ddfd56", "revision_history": [{"45": "c2b4720579c8e11ff8f0ec060c27f46eeddaf35b"}, {"61": "b6e1afb1699bb8488e9e9a23dadccf9079ddfd56"}], "ctags": [{"_type": "tag", "name": "abortEarly", "path": "/home/kavia/workspace/code-generation/territory-quest-318867-318876/game_backend/src/routes/leaderboard.js", "pattern": "/^      abortEarly: false,$/", "language": "JavaScript", "kind": "property", "scope": "validationOptions", "scopeKind": "class"}, {"_type": "tag", "name": "allowUnknown", "path": "/home/kavia/workspace/code-generation/territory-quest-318867-318876/game_backend/src/routes/leaderboard.js", "pattern": "/^      allowUnknown: true,$/", "language": "JavaScript", "kind": "property", "scope": "validationOptions", "scopeKind": "class"}, {"_type": "tag", "name": "errors", "path": "/home/kavia/workspace/code-generation/territory-quest-318867-318876/game_backend/src/routes/leaderboard.js", "pattern": "/^      const errors = error.details.map(detail => ({$/", "language": "JavaScript", "kind": "constant"}, {"_type": "tag", "name": "router", "path": "/home/kavia/workspace/code-generation/territory-quest-318867-318876/game_backend/src/routes/leaderboard.js", "pattern": "/^const router = express.Router();$/", "language": "JavaScript", "kind": "constant"}, {"_type": "tag", "name": "schemaToValidate", "path": "/home/kavia/workspace/code-generation/territory-quest-318867-318876/game_backend/src/routes/leaderboard.js", "pattern": "/^    const schemaToValidate = Joi.object(schema);$/", "language": "JavaScript", "kind": "constant"}, {"_type": "tag", "name": "stripUnknown", "path": "/home/kavia/workspace/code-generation/territory-quest-318867-318876/game_backend/src/routes/leaderboard.js", "pattern": "/^      stripUnknown: true$/", "language": "JavaScript", "kind": "property", "scope": "validationOptions", "scopeKind": "class"}, {"_type": "tag", "name": "toValidate", "path": "/home/kavia/workspace/code-generation/territory-quest-318867-318876/game_backend/src/routes/leaderboard.js", "pattern": "/^    const toValidate = {};$/", "language": "JavaScript", "kind": "constant"}, {"_type": "tag", "name": "validate", "path": "/home/kavia/workspace/code-generation/territory-quest-318867-318876/game_backend/src/routes/leaderboard.js", "pattern": "/^const validate = (schema) => {$/", "language": "JavaScript", "kind": "constant"}, {"_type": "tag", "name": "validationOptions", "path": "/home/kavia/workspace/code-generation/territory-quest-318867-318876/game_backend/src/routes/leaderboard.js", "pattern": "/^    const validationOptions = {$/", "language": "JavaScript", "kind": "class"}], "hash": "b2f22ffa7e4c46c4d03d6ee288162956", "format-version": 4, "code-base-name": "game_backend", "filename": "game_backend/src/routes/leaderboard.js", "fields": [{"name": "abortEarly: false,", "scope": "validationOptions", "scopeKind": "class", "description": "unavailable"}, {"name": "allowUnknown: true,", "scope": "validationOptions", "scopeKind": "class", "description": "unavailable"}, {"name": "stripUnknown: true", "scope": "validationOptions", "scopeKind": "class", "description": "unavailable"}]}