{"is_source_file": false, "format": "", "description": "", "external_files": [], "external_methods": [], "published": [], "classes": [], "methods": [], "calls": [], "search-terms": [], "state": 2, "file_id": 5, "knowledge_revision": 82, "git_revision": "04b3246851ae10567b69695e835750ddfc87619e", "revision_history": [{"51": "f7a828da9e7f0829a4404b1fbb21d9f52533e2ef"}, {"72": "6d79e27fd64839ad21aa8f41944d816f6dd38be0"}, {"82": "04b3246851ae10567b69695e835750ddfc87619e"}], "hash": "291b55a7c9982908dcb7cc715671f8be", "format-version": 4, "code-base-name": "game_backend", "filename": "game_backend/package.json"}