{"is_source_file": true, "format": "JavaScript", "description": "This is a source file defining Express.js routes for health checks in a Node.js backend. It implements two endpoints: /healthz for comprehensive health status including dependency checks (e.g., database connectivity and memory usage), and /health for basic liveness indication.", "external_files": ["../utils/supabase.js", "../utils/logger.js"], "external_methods": ["getSupabaseClient"], "published": ["router"], "classes": [], "methods": [{"name": "GET /healthz", "description": "Performs a health check, including database connectivity and system memory usage, and returns a detailed health status."}, {"name": "GET /health", "description": "Returns a simple service liveness status without dependency checks."}], "calls": ["getSupabaseClient", "logger.error", "process.uptime", "process.env.NODE_ENV", "supabase.from", "supabase.select", "res.status", "res.json", "router.get"], "search-terms": ["/healthz", "supabase", "memoryUsage", "health check", "Node.js", "express router"], "state": 2, "file_id": 26, "knowledge_revision": 76, "git_revision": "6d79e27fd64839ad21aa8f41944d816f6dd38be0", "ctags": [{"_type": "tag", "name": "router", "path": "/home/kavia/workspace/code-generation/territory-quest-318867-318876/game_backend/src/routes/health.js", "pattern": "/^const router = express.Router();$/", "language": "JavaScript", "kind": "constant"}], "hash": "c007ab1d64452b3b17f5835d51b98809", "format-version": 4, "code-base-name": "game_backend", "filename": "game_backend/src/routes/health.js", "revision_history": [{"76": "6d79e27fd64839ad21aa8f41944d816f6dd38be0"}]}