{"is_source_file": false, "format": "", "description": "", "external_files": [], "external_methods": [], "published": [], "classes": [], "methods": [], "calls": [], "search-terms": [], "state": 2, "file_id": 5, "knowledge_revision": 117, "git_revision": "7b32d82aed68c50078d62934618de2741dd11fe7", "revision_history": [{"51": "f7a828da9e7f0829a4404b1fbb21d9f52533e2ef"}, {"72": "6d79e27fd64839ad21aa8f41944d816f6dd38be0"}, {"82": "04b3246851ae10567b69695e835750ddfc87619e"}, {"117": "7b32d82aed68c50078d62934618de2741dd11fe7"}], "hash": "b351d84318dd66f44bab8032479a6e3d", "format-version": 4, "code-base-name": "game_backend", "filename": "game_backend/package.json"}