{"is_source_file": false, "format": "", "description": "", "external_files": [], "external_methods": [], "published": [], "classes": [], "methods": [], "calls": [], "search-terms": [], "state": 2, "file_id": 34, "knowledge_revision": 101, "git_revision": "48a8f4bc6ce83e17c36db87c057f7e282740e193", "hash": "a14d237bb726a7f2fe51b764a2dea7f0", "format-version": 4, "code-base-name": "game_backend", "filename": "game_backend/docs/IMPLEMENTATION_LOG.md", "revision_history": [{"101": "48a8f4bc6ce83e17c36db87c057f7e282740e193"}]}