{"is_source_file": true, "format": "SQL", "description": "This file contains Row Level Security (RLS) policies and security functions for a database schema related to a game backend, including access controls for users, zones, missions, notifications, and activity logs.", "external_files": [], "external_methods": [], "published": [], "classes": [], "methods": [], "calls": ["auth.uid()", "OLD.total_ep", "NEW.total_ep", "OLD.respect_level", "NEW.respect_level", "zone_id", "user_id", "owner_id"], "search-terms": ["RLS policies", "game backend security", "zone ownership functions", "user profile policies", "system-only policies", "activity log controls"], "state": 2, "file_id": 3, "knowledge_revision": 11, "git_revision": "536fe4a6b2fa0c3b8cdf9e84c981fc2aac9de21e", "hash": "49fe7d9e6b19639f1b60f77a3dead545", "format-version": 4, "code-base-name": "game_backend", "filename": "game_backend/rls.sql", "revision_history": [{"11": "536fe4a6b2fa0c3b8cdf9e84c981fc2aac9de21e"}]}