{"is_source_file": false, "format": "", "description": "", "external_files": [], "external_methods": [], "published": [], "classes": [], "methods": [], "calls": [], "search-terms": [], "state": 2, "file_id": 28, "knowledge_revision": 124, "git_revision": "6e6bdce0066344a4bb7c1346d5958a1073ce50f2", "revision_history": [{"89": "48a8f4bc6ce83e17c36db87c057f7e282740e193"}, {"124": "6e6bdce0066344a4bb7c1346d5958a1073ce50f2"}], "hash": "b8293b6d7277718600589a1ce977ecba", "format-version": 4, "code-base-name": "game_backend", "filename": "game_backend/openapi.json"}