{"is_source_file": true, "file_id": 31, "git_revision": "", "state": 1, "description": "", "external_files": [], "external_methods": [], "published": [], "classes": [], "methods": [], "calls": [], "search-terms": [], "ctags": [{"_type": "tag", "name": "abortEarly", "path": "/home/kavia/workspace/code-generation/territory-quest-318867-318876/game_backend/src/routes/utils.js", "pattern": "/^      abortEarly: false,$/", "language": "JavaScript", "kind": "property", "scope": "validationOptions", "scopeKind": "class"}, {"_type": "tag", "name": "allowUnknown", "path": "/home/kavia/workspace/code-generation/territory-quest-318867-318876/game_backend/src/routes/utils.js", "pattern": "/^      allowUnknown: true,$/", "language": "JavaScript", "kind": "property", "scope": "validationOptions", "scopeKind": "class"}, {"_type": "tag", "name": "errors", "path": "/home/kavia/workspace/code-generation/territory-quest-318867-318876/game_backend/src/routes/utils.js", "pattern": "/^      const errors = error.details.map(detail => ({$/", "language": "JavaScript", "kind": "constant"}, {"_type": "tag", "name": "router", "path": "/home/kavia/workspace/code-generation/territory-quest-318867-318876/game_backend/src/routes/utils.js", "pattern": "/^const router = express.Router();$/", "language": "JavaScript", "kind": "constant"}, {"_type": "tag", "name": "schemaToValidate", "path": "/home/kavia/workspace/code-generation/territory-quest-318867-318876/game_backend/src/routes/utils.js", "pattern": "/^    const schemaToValidate = Joi.object(schema);$/", "language": "JavaScript", "kind": "constant"}, {"_type": "tag", "name": "stripUnknown", "path": "/home/kavia/workspace/code-generation/territory-quest-318867-318876/game_backend/src/routes/utils.js", "pattern": "/^      stripUnknown: true$/", "language": "JavaScript", "kind": "property", "scope": "validationOptions", "scopeKind": "class"}, {"_type": "tag", "name": "toValidate", "path": "/home/kavia/workspace/code-generation/territory-quest-318867-318876/game_backend/src/routes/utils.js", "pattern": "/^    const toValidate = {};$/", "language": "JavaScript", "kind": "constant"}, {"_type": "tag", "name": "validate", "path": "/home/kavia/workspace/code-generation/territory-quest-318867-318876/game_backend/src/routes/utils.js", "pattern": "/^const validate = (schema) => {$/", "language": "JavaScript", "kind": "constant"}, {"_type": "tag", "name": "validationOptions", "path": "/home/kavia/workspace/code-generation/territory-quest-318867-318876/game_backend/src/routes/utils.js", "pattern": "/^    const validationOptions = {$/", "language": "JavaScript", "kind": "class"}], "format": "JavaScript", "hash": "08d4cc560280ed233a827334cbb1b35c", "format-version": 4, "code-base-name": "game_backend", "filename": "game_backend/src/routes/utils.js", "knowledge_revision": 88}