{"is_source_file": true, "format": "JavaScript", "description": "This file defines middleware for an Express.js application that enforces request timeouts, automatically terminating requests that exceed a specified duration and logging warnings.", "external_files": ["../utils/logger.js"], "external_methods": ["logger.warn"], "published": ["requestTimeout"], "classes": [], "methods": [{"name": "requestTimeout", "description": "Express middleware that sets timeout handlers for requests and responses, logging warnings and sending appropriate timeout responses when exceeded."}], "calls": ["req.setTimeout", "res.setTimeout", "logger.warn", "res.status", "res.json", "next"], "search-terms": ["middleware", "requestTimeout", "Express", "timeout", "request handling"], "state": 2, "file_id": 27, "knowledge_revision": 73, "git_revision": "6d79e27fd64839ad21aa8f41944d816f6dd38be0", "ctags": [{"_type": "tag", "name": "requestId", "path": "/home/kavia/workspace/code-generation/territory-quest-318867-318876/game_backend/src/middleware/requestTimeout.js", "pattern": "/^    const requestId = req.id || 'unknown';$/", "language": "JavaScript", "kind": "constant"}, {"_type": "tag", "name": "requestTimeout", "path": "/home/kavia/workspace/code-generation/territory-quest-318867-318876/game_backend/src/middleware/requestTimeout.js", "pattern": "/^export const requestTimeout = (timeoutMs = 30000) => {$/", "language": "JavaScript", "kind": "constant"}], "hash": "0f0a29c0f63018942b84647d25d981bb", "format-version": 4, "code-base-name": "game_backend", "filename": "game_backend/src/middleware/requestTimeout.js", "revision_history": [{"73": "6d79e27fd64839ad21aa8f41944d816f6dd38be0"}]}