{"is_source_file": true, "format": "JavaScript", "description": "This file manages WebSocket server initialization, connection handling, message processing, broadcasting, and targeted messaging for a web-based game backend.", "external_files": ["../utils/logger.js"], "external_methods": ["logger.info", "logger.error", "logger.warn", "logger.debug"], "published": ["initializeWebSocket", "broadcastMessage", "sendToUser"], "classes": [], "methods": [{"name": "initializeWebSocket", "description": "Sets up WebSocket server event handlers for connection, message reception, disconnection, and error handling."}, {"name": "handleMessage", "description": "Processes incoming WebSocket messages based on message type, handles authentication, ping-pong, and logs unknown types."}, {"name": "broadcastMessage", "description": "Sends a provided message object to all connected clients."}, {"name": "sendToUser", "description": "Sends a message to all connections associated with a specific user ID."}], "calls": ["logger.info", "logger.error", "logger.warn", "logger.debug"], "search-terms": ["WebSocket server initialization", "connection handling", "broadcast message", "send message to user", "connection management"], "state": 2, "file_id": 19, "knowledge_revision": 46, "git_revision": "c2b4720579c8e11ff8f0ec060c27f46eeddaf35b", "ctags": [{"_type": "tag", "name": "broadcastMessage", "path": "/home/kavia/workspace/code-generation/territory-quest-318867-318876/game_backend/src/websocket/index.js", "pattern": "/^export const broadcastMessage = (message) => {$/", "language": "JavaScript", "kind": "constant"}, {"_type": "tag", "name": "connection", "path": "/home/kavia/workspace/code-generation/territory-quest-318867-318876/game_backend/src/websocket/index.js", "pattern": "/^  const connection = connections.get(connectionId);$/", "language": "JavaScript", "kind": "constant"}, {"_type": "tag", "name": "connections", "path": "/home/kavia/workspace/code-generation/territory-quest-318867-318876/game_backend/src/websocket/index.js", "pattern": "/^const connections = new Map();$/", "language": "JavaScript", "kind": "constant"}, {"_type": "tag", "name": "handleMessage", "path": "/home/kavia/workspace/code-generation/territory-quest-318867-318876/game_backend/src/websocket/index.js", "pattern": "/^const handleMessage = (connectionId, data) => {$/", "language": "JavaScript", "kind": "constant"}, {"_type": "tag", "name": "initializeWebSocket", "path": "/home/kavia/workspace/code-generation/territory-quest-318867-318876/game_backend/src/websocket/index.js", "pattern": "/^export const initializeWebSocket = (wss) => {$/", "language": "JavaScript", "kind": "constant"}, {"_type": "tag", "name": "messageStr", "path": "/home/kavia/workspace/code-generation/territory-quest-318867-318876/game_backend/src/websocket/index.js", "pattern": "/^  const messageStr = JSON.stringify(message);$/", "language": "JavaScript", "kind": "constant"}, {"_type": "tag", "name": "sendToUser", "path": "/home/kavia/workspace/code-generation/territory-quest-318867-318876/game_backend/src/websocket/index.js", "pattern": "/^export const sendToUser = (userId, message) => {$/", "language": "JavaScript", "kind": "constant"}, {"_type": "tag", "name": "sentCount", "path": "/home/kavia/workspace/code-generation/territory-quest-318867-318876/game_backend/src/websocket/index.js", "pattern": "/^  let sentCount = 0;$/", "language": "JavaScript", "kind": "variable"}], "hash": "1dee7084bc0cc2f09398457e59e087c7", "format-version": 4, "code-base-name": "game_backend", "filename": "game_backend/src/websocket/index.js", "fields": [{"name": "let sentCount = 0;", "scope": "", "scopeKind": "", "description": "unavailable"}], "revision_history": [{"46": "c2b4720579c8e11ff8f0ec060c27f46eeddaf35b"}]}