{"is_source_file": false, "format": "", "description": "", "external_files": [], "external_methods": [], "published": [], "classes": [], "methods": [], "calls": [], "search-terms": ["API_QUICK_REFERENCE", "Zone Management", "Player Stats", "Missions", "Notifications", "Leaderboard", "WebSocket", "Rate Limiting", "HTTP Endpoints", "OpenAPI", "Documentation"], "state": 2, "file_id": 35, "knowledge_revision": 102, "git_revision": "48a8f4bc6ce83e17c36db87c057f7e282740e193", "hash": "777954ca97528339b454b490956da291", "format-version": 4, "code-base-name": "game_backend", "filename": "game_backend/docs/API_QUICK_REFERENCE.md", "revision_history": [{"102": "48a8f4bc6ce83e17c36db87c057f7e282740e193"}]}