{"is_source_file": true, "format": "JavaScript", "description": "This file defines Express.js route handlers for notification-related API endpoints, including fetching notifications, marking a notification as read, and marking all notifications as read. It utilizes middleware for authentication and validation, and interacts with external utilities for database operations and logging.", "external_files": ["../middleware/auth.js", "../utils/supabase.js", "../utils/logger.js"], "external_methods": ["authenticate", "callRPC", "logger.error"], "published": ["router"], "classes": [], "methods": [{"name": "validate", "description": "Middleware function to validate incoming request parameters and return a 400 response if validation fails."}, {"name": "GET /api/notifications", "description": "Handler for retrieving user notifications with optional filtering."}, {"name": "PATCH /api/notifications/:notificationId/read", "description": "Handler to mark a specific notification as read."}, {"name": "PATCH /api/notifications/read-all", "description": "Handler to mark all notifications as read for the authenticated user."}], "calls": ["callRPC('get_user_notifications', {...})", "callRPC('mark_notification_read', {...})", "callRPC('mark_all_notifications_read', {...})", "logger.error(...)"], "search-terms": ["notifications", "mark_notification_read", "get_user_notifications", "mark_all_notifications_read", "express-validator", "auth", "router", "notifications.js"], "state": 2, "file_id": 17, "knowledge_revision": 44, "git_revision": "c2b4720579c8e11ff8f0ec060c27f46eeddaf35b", "ctags": [{"_type": "tag", "name": "errors", "path": "/home/kavia/workspace/code-generation/territory-quest-318867-318876/game_backend/src/routes/notifications.js", "pattern": "/^  const errors = validationResult(req);$/", "language": "JavaScript", "kind": "constant"}, {"_type": "tag", "name": "router", "path": "/home/kavia/workspace/code-generation/territory-quest-318867-318876/game_backend/src/routes/notifications.js", "pattern": "/^const router = express.Router();$/", "language": "JavaScript", "kind": "constant"}, {"_type": "tag", "name": "validate", "path": "/home/kavia/workspace/code-generation/territory-quest-318867-318876/game_backend/src/routes/notifications.js", "pattern": "/^const validate = (req, res, next) => {$/", "language": "JavaScript", "kind": "constant"}], "hash": "33f58a8ececf55b1876c8b2def2bfbce", "format-version": 4, "code-base-name": "game_backend", "filename": "game_backend/src/routes/notifications.js", "revision_history": [{"44": "c2b4720579c8e11ff8f0ec060c27f46eeddaf35b"}]}