{"is_source_file": false, "format": "", "description": "", "external_files": [], "external_methods": [], "published": [], "classes": [], "methods": [], "calls": [], "search-terms": [], "state": 2, "file_id": 40, "knowledge_revision": 119, "git_revision": "7b32d82aed68c50078d62934618de2741dd11fe7", "hash": "f122d218ae8d251c1d068b178662742f", "format-version": 4, "code-base-name": "game_backend", "filename": "game_backend/.github/workflows/ci.yml", "revision_history": [{"119": "7b32d82aed68c50078d62934618de2741dd11fe7"}]}