{"is_source_file": true, "format": "JavaScript", "description": "Middleware function for logging incoming HTTP requests and responses, including request details, response status, duration, and error handling, intended for use in a Node.js server environment.", "external_files": ["../utils/logger.js"], "external_methods": ["logger.info", "logger.warn", "logger.error"], "published": ["requestLogger"], "classes": [], "methods": [{"name": "requestLogger", "description": "Middleware function that logs HTTP request and response details, adds a unique request ID, and handles errors."}], "calls": ["uuidv4()", "logger.info", "logger.warn", "logger.error"], "search-terms": ["requestLogger", "middleware", "HTTP request logging", "request ID", "response time", "Express middleware"], "state": 2, "file_id": 9, "knowledge_revision": 74, "git_revision": "6d79e27fd64839ad21aa8f41944d816f6dd38be0", "revision_history": [{"36": "c2b4720579c8e11ff8f0ec060c27f46eeddaf35b"}, {"74": "6d79e27fd64839ad21aa8f41944d816f6dd38be0"}], "ctags": [{"_type": "tag", "name": "referer", "path": "/home/kavia/workspace/code-generation/territory-quest-318867-318876/game_backend/src/middleware/requestLogger.js", "pattern": "/^  const referer = req.headers['referer'] || 'none';$/", "language": "JavaScript", "kind": "constant"}, {"_type": "tag", "name": "requestId", "path": "/home/kavia/workspace/code-generation/territory-quest-318867-318876/game_backend/src/middleware/requestLogger.js", "pattern": "/^  const requestId = req.headers['x-request-id'] || uuidv4();$/", "language": "JavaScript", "kind": "constant"}, {"_type": "tag", "name": "requestLogger", "path": "/home/kavia/workspace/code-generation/territory-quest-318867-318876/game_backend/src/middleware/requestLogger.js", "pattern": "/^export const requestLogger = (req, res, next) => {$/", "language": "JavaScript", "kind": "constant"}, {"_type": "tag", "name": "startTime", "path": "/home/kavia/workspace/code-generation/territory-quest-318867-318876/game_backend/src/middleware/requestLogger.js", "pattern": "/^  const startTime = Date.now();$/", "language": "JavaScript", "kind": "constant"}, {"_type": "tag", "name": "userAgent", "path": "/home/kavia/workspace/code-generation/territory-quest-318867-318876/game_backend/src/middleware/requestLogger.js", "pattern": "/^  const userAgent = req.headers['user-agent'] || 'unknown';$/", "language": "JavaScript", "kind": "constant"}], "hash": "87cd8de1e696203c41940c392d4fd54c", "format-version": 4, "code-base-name": "game_backend", "filename": "game_backend/src/middleware/requestLogger.js"}