{"is_source_file": true, "format": "JavaScript", "description": "This file initializes a Supabase client instance, validates environment variables, and provides a function to call RPC functions on the Supabase backend, along with exporting the client instance.", "external_files": ["./logger.js", "@supabase/supabase-js"], "external_methods": ["createClient"], "published": ["callRPC", "supabase"], "classes": [], "methods": [{"name": "callRPC", "description": "Asynchronously calls a specified RPC function on Supabase with given parameters and handles possible errors."}], "calls": ["createClient", "supabase.rpc", "logger.error"], "search-terms": ["Supabase client", "RPC call", "supabase-js", "environment variables", "initialize Supabase"], "state": 2, "file_id": 12, "knowledge_revision": 39, "git_revision": "c2b4720579c8e11ff8f0ec060c27f46eeddaf35b", "ctags": [{"_type": "tag", "name": "callRPC", "path": "/home/kavia/workspace/code-generation/territory-quest-318867-318876/game_backend/src/utils/supabase.js", "pattern": "/^export const callRPC = async (functionName, params = {}) => {$/", "language": "JavaScript", "kind": "constant"}, {"_type": "tag", "name": "supabase", "path": "/home/kavia/workspace/code-generation/territory-quest-318867-318876/game_backend/src/utils/supabase.js", "pattern": "/^const supabase = createClient($/", "language": "JavaScript", "kind": "constant"}], "hash": "fbcbbaf6d3e03bf31d27aa4bff3efeff", "format-version": 4, "code-base-name": "game_backend", "filename": "game_backend/src/utils/supabase.js", "revision_history": [{"39": "c2b4720579c8e11ff8f0ec060c27f46eeddaf35b"}]}