{"is_source_file": true, "format": "JavaScript", "description": "This file defines Express.js route handlers for player-related API endpoints, including fetching stats, updating location, and retrieving activity logs. It utilizes middleware for authentication and validation, and interacts with external utility modules.", "external_files": ["../middleware/auth.js", "../utils/supabase.js", "../utils/logger.js"], "external_methods": ["authenticate", "callRPC", "logger.error"], "published": [], "classes": [], "methods": [{"name": "validate", "description": "Middleware helper that validates request input and returns errors if validation fails."}, {"name": "GET /api/player/stats", "description": "Endpoint to retrieve current player stats, requires authentication."}, {"name": "POST /api/player/location", "description": "Endpoint to update player's geographic location, requires validation and authentication."}, {"name": "GET /api/player/activity", "description": "Endpoint to retrieve player's activity log, with optional limit parameter."}], "calls": ["callRPC('get_player_stats', { user_id: userId })", "callRPC('update_user_location', { p_user_id: userId, p_lat: parseFloat(lat), p_lon: parseFloat(lon) })", "callRPC('get_user_activity_log', { p_user_id: userId, limit_count: limit })", "logger.error"], "search-terms": ["player routes", "authentication middleware", "player stats", "location update", "activity log", "express-validator"], "state": 2, "file_id": 15, "knowledge_revision": 42, "git_revision": "c2b4720579c8e11ff8f0ec060c27f46eeddaf35b", "ctags": [{"_type": "tag", "name": "errors", "path": "/home/kavia/workspace/code-generation/territory-quest-318867-318876/game_backend/src/routes/player.js", "pattern": "/^  const errors = validationResult(req);$/", "language": "JavaScript", "kind": "constant"}, {"_type": "tag", "name": "router", "path": "/home/kavia/workspace/code-generation/territory-quest-318867-318876/game_backend/src/routes/player.js", "pattern": "/^const router = express.Router();$/", "language": "JavaScript", "kind": "constant"}, {"_type": "tag", "name": "validate", "path": "/home/kavia/workspace/code-generation/territory-quest-318867-318876/game_backend/src/routes/player.js", "pattern": "/^const validate = (req, res, next) => {$/", "language": "JavaScript", "kind": "constant"}], "hash": "7084c6a07881f95c1069c24daec1333e", "format-version": 4, "code-base-name": "game_backend", "filename": "game_backend/src/routes/player.js", "revision_history": [{"42": "c2b4720579c8e11ff8f0ec060c27f46eeddaf35b"}]}