{"is_source_file": true, "format": "SQL", "description": "This file contains SQL statements that implement Row Level Security (RLS) policies for various tables related to a game backend, including users, zones, missions, notifications, and activity logs. It defines policies for viewing, inserting, updating, and deleting records, as well as helper functions used within the policies.", "external_files": [], "external_methods": [], "published": ["user_owns_zone", "zone_is_attackable", "is_authenticated"], "classes": [], "methods": [{"name": "user_owns_zone", "description": "Checks if a user owns a specific zone based on zone ID and user ID."}, {"name": "zone_is_attackable", "description": "Determines if a zone is attackable by the user, based on zone owner."}, {"name": "is_authenticated", "description": "Verifies whether the current session is authenticated."}], "calls": [], "search-terms": ["RLS policies", "zones security", "user profile policies", "system RPC policies", "activity log policies"], "state": 2, "file_id": 3, "knowledge_revision": 75, "git_revision": "536fe4a6b2fa0c3b8cdf9e84c981fc2aac9de21e", "revision_history": [{"8": "2d4acf7d979bf16a753d2fd3d0fb320f3da6caa4"}, {"13": "536fe4a6b2fa0c3b8cdf9e84c981fc2aac9de21e"}, {"14": "536fe4a6b2fa0c3b8cdf9e84c981fc2aac9de21e"}, {"15": "536fe4a6b2fa0c3b8cdf9e84c981fc2aac9de21e"}, {"75": "536fe4a6b2fa0c3b8cdf9e84c981fc2aac9de21e"}], "hash": "49fe7d9e6b19639f1b60f77a3dead545", "format-version": 4, "code-base-name": "game_backend", "filename": "game_backend/rls.sql"}