{"is_source_file": true, "format": "SQL", "description": "This file defines Row Level Security (RLS) policies and related security functions for a PostgreSQL database used in a game backend. It specifies access controls for tables such as 'users', 'zones', 'missions', 'notifications', and 'activity_log', ensuring that users can only view or modify data according to their permissions and roles.", "external_files": [], "external_methods": ["auth.uid()", "auth.uid() = id", "OLD.total_ep", "NEW.total_ep", "OLD.respect_level", "NEW.respect_level"], "published": ["user_owns_zone", "zone_is_attackable", "is_authenticated"], "classes": [], "methods": [{"name": "user_owns_zone", "description": "Checks if a user owns a specific zone by ID."}, {"name": "zone_is_attackable", "description": "Determines if a zone can be attacked by a user, based on zone ownership."}, {"name": "is_authenticated", "description": "Verifies if the current session is authenticated."}], "calls": ["auth.uid()", "EXISTS (SELECT 1 FROM zones WHERE id = zone_id AND owner_id = user_id)", "SELECT owner_id INTO zone_owner FROM zones WHERE id = zone_id"], "search-terms": ["Row Level Security", "RLS policies", "security functions", "game backend", "postgresql policies", "zone ownership", "mission access control"], "state": 2, "file_id": 3, "knowledge_revision": 14, "git_revision": "536fe4a6b2fa0c3b8cdf9e84c981fc2aac9de21e", "revision_history": [{"8": "2d4acf7d979bf16a753d2fd3d0fb320f3da6caa4"}, {"13": "536fe4a6b2fa0c3b8cdf9e84c981fc2aac9de21e"}, {"14": "536fe4a6b2fa0c3b8cdf9e84c981fc2aac9de21e"}], "hash": "49fe7d9e6b19639f1b60f77a3dead545", "format-version": 4, "code-base-name": "game_backend", "filename": "game_backend/rls.sql"}