{"is_source_file": false, "format": "", "description": "", "external_files": [], "external_methods": [], "published": [], "classes": [], "methods": [], "calls": [], "search-terms": [], "state": 2, "file_id": 5, "knowledge_revision": 72, "git_revision": "6d79e27fd64839ad21aa8f41944d816f6dd38be0", "revision_history": [{"51": "f7a828da9e7f0829a4404b1fbb21d9f52533e2ef"}, {"72": "6d79e27fd64839ad21aa8f41944d816f6dd38be0"}], "hash": "cae84c65539cbf92a13a47160a2edcba", "format-version": 4, "code-base-name": "game_backend", "filename": "game_backend/package.json"}