{"is_source_file": false, "format": "", "description": "", "external_files": [], "external_methods": [], "published": [], "classes": [], "methods": [], "calls": [], "search-terms": [], "state": 2, "file_id": 5, "knowledge_revision": 24, "git_revision": "c2b4720579c8e11ff8f0ec060c27f46eeddaf35b", "hash": "6a18c2a021ba03d809b3a5056409ada4", "format-version": 4, "code-base-name": "game_backend", "filename": "game_backend/package.json", "revision_history": [{"24": "c2b4720579c8e11ff8f0ec060c27f46eeddaf35b"}]}