{"is_source_file": false, "format": "", "description": "", "external_files": [], "external_methods": [], "published": [], "classes": [], "methods": [], "calls": [], "search-terms": [], "state": 2, "file_id": 20, "knowledge_revision": 65, "git_revision": "3c4159d74f2f003cbe8876e9308ab7832e027a58", "hash": "dfc96a08c37d5c3e6a66301f3e30d9db", "format-version": 4, "code-base-name": "game_backend", "filename": "game_backend/README.md", "revision_history": [{"65": "3c4159d74f2f003cbe8876e9308ab7832e027a58"}]}