{"is_source_file": true, "format": "JavaScript", "description": "This file defines Express routes for utility functions, notably a distance calculation API endpoint which validates input, calls a remote procedure, and returns the result.", "external_files": ["../utils/supabase.js", "../utils/logger.js"], "external_methods": ["callRPC"], "published": ["router"], "classes": [], "methods": [{"name": "validate", "description": "Validation middleware using Joi to validate request body, query, and params based on provided schema."}], "calls": ["callRPC", "logger.error"], "search-terms": ["distance", "API endpoint", "express Router", "validate middleware", "calculate_distance_meters"], "state": 2, "file_id": 31, "knowledge_revision": 91, "git_revision": "48a8f4bc6ce83e17c36db87c057f7e282740e193", "ctags": [{"_type": "tag", "name": "abortEarly", "path": "/home/kavia/workspace/code-generation/territory-quest-318867-318876/game_backend/src/routes/utils.js", "pattern": "/^      abortEarly: false,$/", "language": "JavaScript", "kind": "property", "scope": "validationOptions", "scopeKind": "class"}, {"_type": "tag", "name": "allowUnknown", "path": "/home/kavia/workspace/code-generation/territory-quest-318867-318876/game_backend/src/routes/utils.js", "pattern": "/^      allowUnknown: true,$/", "language": "JavaScript", "kind": "property", "scope": "validationOptions", "scopeKind": "class"}, {"_type": "tag", "name": "errors", "path": "/home/kavia/workspace/code-generation/territory-quest-318867-318876/game_backend/src/routes/utils.js", "pattern": "/^      const errors = error.details.map(detail => ({$/", "language": "JavaScript", "kind": "constant"}, {"_type": "tag", "name": "router", "path": "/home/kavia/workspace/code-generation/territory-quest-318867-318876/game_backend/src/routes/utils.js", "pattern": "/^const router = express.Router();$/", "language": "JavaScript", "kind": "constant"}, {"_type": "tag", "name": "schemaToValidate", "path": "/home/kavia/workspace/code-generation/territory-quest-318867-318876/game_backend/src/routes/utils.js", "pattern": "/^    const schemaToValidate = Joi.object(schema);$/", "language": "JavaScript", "kind": "constant"}, {"_type": "tag", "name": "stripUnknown", "path": "/home/kavia/workspace/code-generation/territory-quest-318867-318876/game_backend/src/routes/utils.js", "pattern": "/^      stripUnknown: true$/", "language": "JavaScript", "kind": "property", "scope": "validationOptions", "scopeKind": "class"}, {"_type": "tag", "name": "toValidate", "path": "/home/kavia/workspace/code-generation/territory-quest-318867-318876/game_backend/src/routes/utils.js", "pattern": "/^    const toValidate = {};$/", "language": "JavaScript", "kind": "constant"}, {"_type": "tag", "name": "validate", "path": "/home/kavia/workspace/code-generation/territory-quest-318867-318876/game_backend/src/routes/utils.js", "pattern": "/^const validate = (schema) => {$/", "language": "JavaScript", "kind": "constant"}, {"_type": "tag", "name": "validationOptions", "path": "/home/kavia/workspace/code-generation/territory-quest-318867-318876/game_backend/src/routes/utils.js", "pattern": "/^    const validationOptions = {$/", "language": "JavaScript", "kind": "class"}], "hash": "08d4cc560280ed233a827334cbb1b35c", "format-version": 4, "code-base-name": "game_backend", "filename": "game_backend/src/routes/utils.js", "fields": [{"name": "abortEarly: false,", "scope": "validationOptions", "scopeKind": "class", "description": "unavailable"}, {"name": "allowUnknown: true,", "scope": "validationOptions", "scopeKind": "class", "description": "unavailable"}, {"name": "stripUnknown: true", "scope": "validationOptions", "scopeKind": "class", "description": "unavailable"}], "revision_history": [{"91": "48a8f4bc6ce83e17c36db87c057f7e282740e193"}]}