{"is_source_file": true, "format": "JavaScript", "description": "This file defines Express.js route handlers for health check endpoints, including a comprehensive '/healthz' endpoint with dependency checks (e.g., Supabase connectivity and memory usage) and a simple '/health' liveness probe.", "external_files": ["../utils/supabase.js", "../utils/logger.js"], "external_methods": ["getSupabaseClient"], "published": ["router"], "classes": [], "methods": [{"name": "GET /healthz", "description": "Endpoint that performs health checks including database connectivity and memory usage, returning a JSON object with status, timestamp, and other metrics."}, {"name": "GET /health", "description": "Simple liveness endpoint returning basic service status with timestamp and uptime."}], "calls": ["getSupabaseClient", "logger.error", "process.uptime", "process.env.NODE_ENV", "supabase.from('users').select('id').limit(1)"], "search-terms": ["healthz", "dependency checks", "supabase", "memory usage", "express router", "health endpoint"], "state": 2, "file_id": 26, "knowledge_revision": 121, "git_revision": "6e6bdce0066344a4bb7c1346d5958a1073ce50f2", "revision_history": [{"76": "6d79e27fd64839ad21aa8f41944d816f6dd38be0"}, {"121": "6e6bdce0066344a4bb7c1346d5958a1073ce50f2"}], "ctags": [{"_type": "tag", "name": "router", "path": "/home/kavia/workspace/code-generation/territory-quest-318867-318876/game_backend/src/routes/health.js", "pattern": "/^const router = express.Router();$/", "language": "JavaScript", "kind": "constant"}], "hash": "7807629b24bbb14a05ba835499e19a52", "format-version": 4, "code-base-name": "game_backend", "filename": "game_backend/src/routes/health.js"}