{"is_source_file": false, "format": "", "description": "", "external_files": [], "external_methods": [], "published": [], "classes": [], "methods": [], "calls": [], "search-terms": [], "state": 2, "file_id": 30, "knowledge_revision": 86, "git_revision": "04b3246851ae10567b69695e835750ddfc87619e", "hash": "1638cc6c5b20f759763178b339073c49", "format-version": 4, "code-base-name": "game_backend", "filename": "game_backend/start.sh", "revision_history": [{"86": "04b3246851ae10567b69695e835750ddfc87619e"}]}