{"is_source_file": true, "format": "JavaScript (Node.js, Express.js)", "description": "This file defines Express.js route handlers for the '/api/leaderboard' endpoint, including input validation, fetching leaderboard data via RPC, and error handling.", "external_files": ["../utils/supabase.js", "../utils/logger.js"], "external_methods": ["callRPC"], "published": ["router"], "classes": [], "methods": [{"name": "validate", "description": "Middleware function for validating request query parameters using express-validator."}], "calls": ["validationResult", "callRPC", "logger.error"], "search-terms": ["leaderboard", "GET /api/leaderboard", "express-validator", "callRPC", "logger", "route handler"], "state": 2, "file_id": 18, "knowledge_revision": 45, "git_revision": "c2b4720579c8e11ff8f0ec060c27f46eeddaf35b", "ctags": [{"_type": "tag", "name": "errors", "path": "/home/kavia/workspace/code-generation/territory-quest-318867-318876/game_backend/src/routes/leaderboard.js", "pattern": "/^  const errors = validationResult(req);$/", "language": "JavaScript", "kind": "constant"}, {"_type": "tag", "name": "router", "path": "/home/kavia/workspace/code-generation/territory-quest-318867-318876/game_backend/src/routes/leaderboard.js", "pattern": "/^const router = express.Router();$/", "language": "JavaScript", "kind": "constant"}, {"_type": "tag", "name": "validate", "path": "/home/kavia/workspace/code-generation/territory-quest-318867-318876/game_backend/src/routes/leaderboard.js", "pattern": "/^const validate = (req, res, next) => {$/", "language": "JavaScript", "kind": "constant"}], "hash": "f36069ceb61d1d4f5e5bb22264395e20", "format-version": 4, "code-base-name": "game_backend", "filename": "game_backend/src/routes/leaderboard.js", "revision_history": [{"45": "c2b4720579c8e11ff8f0ec060c27f46eeddaf35b"}]}