{"is_source_file": true, "format": "JavaScript", "description": "A script that generates an OpenAPI 3.0 specification JSON file from a static template, with provisions for future dynamic route analysis.", "external_files": ["fs", "url", "path"], "external_methods": ["readFileSync", "writeFileSync", "fileURLToPath", "dirname", "join"], "published": ["generateOpenAPISpec"], "classes": [], "methods": [{"name": "generateOpenAPISpec()", "description": "Main function that reads the base openapi.json, adds a generatedAt timestamp, and writes it back to the file.", "scope": "", "scopeKind": ""}], "calls": ["console.log", "readFileSync", "JSON.parse", "writeFileSync", "Object.keys"], "search-terms": ["generateOpenAPISpec", "OpenAPI", "openapi.json", "specification generator", "API documentation", "routes", "static template"], "state": 2, "file_id": 29, "knowledge_revision": 85, "git_revision": "04b3246851ae10567b69695e835750ddfc87619e", "ctags": [{"_type": "tag", "name": "__dirname", "path": "/home/kavia/workspace/code-generation/territory-quest-318867-318876/game_backend/scripts/generate_openapi.js", "pattern": "/^const __dirname = dirname(__filename);$/", "language": "JavaScript", "kind": "constant"}, {"_type": "tag", "name": "__filename", "path": "/home/kavia/workspace/code-generation/territory-quest-318867-318876/game_backend/scripts/generate_openapi.js", "pattern": "/^const __filename = fileURLToPath(import.meta.url);$/", "language": "JavaScript", "kind": "constant"}, {"_type": "tag", "name": "generateOpenAPISpec", "path": "/home/kavia/workspace/code-generation/territory-quest-318867-318876/game_backend/scripts/generate_openapi.js", "pattern": "/^function generateOpenAPISpec() {$/", "language": "JavaScript", "kind": "function", "signature": "()"}, {"_type": "tag", "name": "rootDir", "path": "/home/kavia/workspace/code-generation/territory-quest-318867-318876/game_backend/scripts/generate_openapi.js", "pattern": "/^const rootDir = join(__dirname, '..');$/", "language": "JavaScript", "kind": "constant"}], "hash": "08dccf182e665d26ae67c0105af18033", "format-version": 4, "code-base-name": "game_backend", "filename": "game_backend/scripts/generate_openapi.js", "revision_history": [{"85": "04b3246851ae10567b69695e835750ddfc87619e"}]}