{"is_source_file": true, "format": "SQL", "description": "This file defines Row Level Security (RLS) policies and associated security functions for multiple tables in a database supporting the TurfRun game. It contains policy rules for access control, triggers for field-level validation, and helper functions to enforce security constraints.", "external_files": [], "external_methods": ["auth.uid()", "RAISE EXCEPTION", "EXISTS", "SELECT", "CREATE FUNCTION", "CREATE TRIGGER", "DROP TRIGGER", "CREATE POLICY"], "published": ["validate_user_sensitive_fields", "validate_notification_updates", "user_owns_zone", "zone_is_attackable", "is_authenticated"], "classes": [], "methods": [{"name": "validate_user_sensitive_fields", "description": "Ensures that sensitive user fields such as total_ep and respect_level are not decreased during an update."}, {"name": "validate_notification_updates", "description": "Restricts modifications to notification entries, allowing only marking notifications as read."}, {"name": "user_owns_zone", "description": "Checks if a given user owns a specific zone."}, {"name": "zone_is_attackable", "description": "Determines if a zone can be attacked by a user, based on its ownership."}, {"name": "is_authenticated", "description": "Checks if the current user is authenticated."}], "calls": ["auth.uid()", "RAISE EXCEPTION", "EXISTS", "SELECT", "CREATE FUNCTION", "CREATE TRIGGER", "DROP TRIGGER", "CREATE POLICY"], "search-terms": ["row level security", "rls policies", "security functions", "user permissions", "zone attacks", "mission creation restrictions", "notification management", "activity log access"], "state": 2, "file_id": 3, "knowledge_revision": 126, "git_revision": "1e0b53049d05656c21e95549ac516ab5d79ce8e6", "revision_history": [{"8": "2d4acf7d979bf16a753d2fd3d0fb320f3da6caa4"}, {"13": "536fe4a6b2fa0c3b8cdf9e84c981fc2aac9de21e"}, {"14": "536fe4a6b2fa0c3b8cdf9e84c981fc2aac9de21e"}, {"15": "536fe4a6b2fa0c3b8cdf9e84c981fc2aac9de21e"}, {"75": "536fe4a6b2fa0c3b8cdf9e84c981fc2aac9de21e"}, {"120": "1e0b53049d05656c21e95549ac516ab5d79ce8e6"}, {"126": "1e0b53049d05656c21e95549ac516ab5d79ce8e6"}], "hash": "7a61be4eaf80afdf89a57a73e5d95f18", "format-version": 4, "code-base-name": "game_backend", "filename": "game_backend/rls.sql"}