{"is_source_file": true, "format": "JavaScript (ES6 modules)", "description": "This file sets up route handlers for a web server using Express, importing route modules for different API endpoints and defining a root endpoint that returns API documentation.", "external_files": ["./zones.js", "./player.js", "./missions.js", "./notifications.js", "./leaderboard.js"], "external_methods": ["express.Router", "router.get", "router.use"], "published": ["default export: router"], "classes": [], "methods": [{"name": "router.get", "description": "Defines a GET endpoint at the root path '/' that responds with JSON containing API metadata."}, {"name": "router.use", "description": "Mounts sub-route modules at specified paths for handling various API resources."}], "calls": ["express.Router", "router.get", "res.json", "router.use"], "search-terms": ["index.js", "routes", "API documentation", "express.Router", "sub-route modules"], "state": 2, "file_id": 13, "knowledge_revision": 40, "git_revision": "c2b4720579c8e11ff8f0ec060c27f46eeddaf35b", "ctags": [{"_type": "tag", "name": "router", "path": "/home/kavia/workspace/code-generation/territory-quest-318867-318876/game_backend/src/routes/index.js", "pattern": "/^const router = express.Router();$/", "language": "JavaScript", "kind": "constant"}], "hash": "a366695bcd16dc9a748b2b48752947f5", "format-version": 4, "code-base-name": "game_backend", "filename": "game_backend/src/routes/index.js", "revision_history": [{"40": "c2b4720579c8e11ff8f0ec060c27f46eeddaf35b"}]}