{"is_source_file": true, "format": "JavaScript", "description": "This file implements a WebSocket server with integrated authentication via Supabase, realtime database subscriptions, connection management, heartbeat checks, and message handling for a game backend. It manages connections, authentication, notification subscriptions, and cleanups.", "external_files": ["../utils/logger.js", "@supabase/supabase-js"], "external_methods": ["createClient"], "published": ["initializeWebSocket", "broadcastMessage", "sendToUser", "getConnectionStats"], "classes": [], "methods": [{"name": "generateConnectionId", "description": "Generates a unique identifier for each WebSocket connection."}, {"name": "handleMessage", "description": "Handles incoming messages from clients, routing them based on message type."}, {"name": "handleAuthentication", "description": "Authenticates a connection using a JWT token via Supabase."}, {"name": "subscribeToUserNotifications", "description": "Sets up real-time subscriptions for a user's notifications and zone updates via Supabase Realtime."}, {"name": "unsubscribeFromUserNotifications", "description": "Removes real-time subscriptions for a user's notifications."}, {"name": "checkConnections", "description": "Periodically checks for inactive or timed-out connections and cleans them up."}, {"name": "sendToConnection", "description": "Sends a message to a specific WebSocket connection."}, {"name": "cleanupConnection", "description": "Cleans up resources associated with a disconnected connection."}, {"name": "cleanupAllConnections", "description": "Terminates all active connections and cleans up resources."}], "calls": ["getSupabaseClient()", "handleMessage()", "handleAuthentication()", "subscribeToUserNotifications()", "sendToUser()", "sendToConnection()", "unsubscribeFromUserNotifications()", "cleanupConnection()"], "search-terms": ["WebSocket server", "Supabase realtime subscriptions", "WebSocket authentication", "connection heartbeat", "user notification subscriptions", "connection management"], "state": 2, "file_id": 19, "knowledge_revision": 63, "git_revision": "3c4159d74f2f003cbe8876e9308ab7832e027a58", "revision_history": [{"46": "c2b4720579c8e11ff8f0ec060c27f46eeddaf35b"}, {"63": "3c4159d74f2f003cbe8876e9308ab7832e027a58"}], "ctags": [{"_type": "tag", "name": "CONNECTION_TIMEOUT", "path": "/home/kavia/workspace/code-generation/territory-quest-318867-318876/game_backend/src/websocket/index.js", "pattern": "/^const CONNECTION_TIMEOUT = 60000; \\/\\/ 60 seconds$/", "language": "JavaScript", "kind": "constant"}, {"_type": "tag", "name": "HEARTBEAT_INTERVAL", "path": "/home/kavia/workspace/code-generation/territory-quest-318867-318876/game_backend/src/websocket/index.js", "pattern": "/^const HEARTBEAT_INTERVAL = 30000; \\/\\/ 30 seconds$/", "language": "JavaScript", "kind": "constant"}, {"_type": "tag", "name": "activeSubscriptions", "path": "/home/kavia/workspace/code-generation/territory-quest-318867-318876/game_backend/src/websocket/index.js", "pattern": "/^  const activeSubscriptions = realtimeChannels.size;$/", "language": "JavaScript", "kind": "constant"}, {"_type": "tag", "name": "authenticatedConnections", "path": "/home/kavia/workspace/code-generation/territory-quest-318867-318876/game_backend/src/websocket/index.js", "pattern": "/^  const authenticatedConnections = Array.from(connections.values())$/", "language": "JavaScript", "kind": "constant"}, {"_type": "tag", "name": "broadcastMessage", "path": "/home/kavia/workspace/code-generation/territory-quest-318867-318876/game_backend/src/websocket/index.js", "pattern": "/^export const broadcastMessage = (message) => {$/", "language": "JavaScript", "kind": "constant"}, {"_type": "tag", "name": "channel", "path": "/home/kavia/workspace/code-generation/territory-quest-318867-318876/game_backend/src/websocket/index.js", "pattern": "/^    const channel = supabase$/", "language": "JavaScript", "kind": "constant"}, {"_type": "tag", "name": "channel", "path": "/home/kavia/workspace/code-generation/territory-quest-318867-318876/game_backend/src/websocket/index.js", "pattern": "/^  const channel = realtimeChannels.get(userId);$/", "language": "JavaScript", "kind": "constant"}, {"_type": "tag", "name": "checkConnections", "path": "/home/kavia/workspace/code-generation/territory-quest-318867-318876/game_backend/src/websocket/index.js", "pattern": "/^const checkConnections = () => {$/", "language": "JavaScript", "kind": "constant"}, {"_type": "tag", "name": "cleanupAllConnections", "path": "/home/kavia/workspace/code-generation/territory-quest-318867-318876/game_backend/src/websocket/index.js", "pattern": "/^const cleanupAllConnections = () => {$/", "language": "JavaScript", "kind": "constant"}, {"_type": "tag", "name": "cleanupConnection", "path": "/home/kavia/workspace/code-generation/territory-quest-318867-318876/game_backend/src/websocket/index.js", "pattern": "/^const cleanupConnection = (connectionId) => {$/", "language": "JavaScript", "kind": "constant"}, {"_type": "tag", "name": "connection", "path": "/home/kavia/workspace/code-generation/territory-quest-318867-318876/game_backend/src/websocket/index.js", "pattern": "/^  const connection = connections.get(connectionId);$/", "language": "JavaScript", "kind": "constant"}, {"_type": "tag", "name": "connections", "path": "/home/kavia/workspace/code-generation/territory-quest-318867-318876/game_backend/src/websocket/index.js", "pattern": "/^const connections = new Map(); \\/\\/ connectionId -> { ws, userId, authenticated, lastPing }$/", "language": "JavaScript", "kind": "constant"}, {"_type": "tag", "name": "generateConnectionId", "path": "/home/kavia/workspace/code-generation/territory-quest-318867-318876/game_backend/src/websocket/index.js", "pattern": "/^const generateConnectionId = () => {$/", "language": "JavaScript", "kind": "constant"}, {"_type": "tag", "name": "getConnectionStats", "path": "/home/kavia/workspace/code-generation/territory-quest-318867-318876/game_backend/src/websocket/index.js", "pattern": "/^export const getConnectionStats = () => {$/", "language": "JavaScript", "kind": "constant"}, {"_type": "tag", "name": "getSupabaseClient", "path": "/home/kavia/workspace/code-generation/territory-quest-318867-318876/game_backend/src/websocket/index.js", "pattern": "/^const getSupabaseClient = () => {$/", "language": "JavaScript", "kind": "constant"}, {"_type": "tag", "name": "handleAuthentication", "path": "/home/kavia/workspace/code-generation/territory-quest-318867-318876/game_backend/src/websocket/index.js", "pattern": "/^const handleAuthentication = async (connectionId, data) => {$/", "language": "JavaScript", "kind": "constant"}, {"_type": "tag", "name": "handleMessage", "path": "/home/kavia/workspace/code-generation/territory-quest-318867-318876/game_backend/src/websocket/index.js", "pattern": "/^const handleMessage = async (connectionId, data) => {$/", "language": "JavaScript", "kind": "constant"}, {"_type": "tag", "name": "handleSubscription", "path": "/home/kavia/workspace/code-generation/territory-quest-318867-318876/game_backend/src/websocket/index.js", "pattern": "/^const handleSubscription = async (connectionId, data) => {$/", "language": "JavaScript", "kind": "constant"}, {"_type": "tag", "name": "handleUnsubscription", "path": "/home/kavia/workspace/code-generation/territory-quest-318867-318876/game_backend/src/websocket/index.js", "pattern": "/^const handleUnsubscription = async (connectionId, data) => {$/", "language": "JavaScript", "kind": "constant"}, {"_type": "tag", "name": "heartbeatInterval", "path": "/home/kavia/workspace/code-generation/territory-quest-318867-318876/game_backend/src/websocket/index.js", "pattern": "/^  const heartbeatInterval = setInterval(() => {$/", "language": "JavaScript", "kind": "constant"}, {"_type": "tag", "name": "initializeWebSocket", "path": "/home/kavia/workspace/code-generation/territory-quest-318867-318876/game_backend/src/websocket/index.js", "pattern": "/^export const initializeWebSocket = (wss) => {$/", "language": "JavaScript", "kind": "constant"}, {"_type": "tag", "name": "messageWithTimestamp", "path": "/home/kavia/workspace/code-generation/territory-quest-318867-318876/game_backend/src/websocket/index.js", "pattern": "/^  const messageWithTimestamp = {$/", "language": "JavaScript", "kind": "constant"}, {"_type": "tag", "name": "now", "path": "/home/kavia/workspace/code-generation/territory-quest-318867-318876/game_backend/src/websocket/index.js", "pattern": "/^  const now = Date.now();$/", "language": "JavaScript", "kind": "constant"}, {"_type": "tag", "name": "realtimeChannels", "path": "/home/kavia/workspace/code-generation/territory-quest-318867-318876/game_backend/src/websocket/index.js", "pattern": "/^let realtimeChannels = new Map(); \\/\\/ userId -> subscription$/", "language": "JavaScript", "kind": "variable"}, {"_type": "tag", "name": "sendToConnection", "path": "/home/kavia/workspace/code-generation/territory-quest-318867-318876/game_backend/src/websocket/index.js", "pattern": "/^const sendToConnection = (connectionId, message) => {$/", "language": "JavaScript", "kind": "constant"}, {"_type": "tag", "name": "sendToUser", "path": "/home/kavia/workspace/code-generation/territory-quest-318867-318876/game_backend/src/websocket/index.js", "pattern": "/^export const sendToUser = (userId, message) => {$/", "language": "JavaScript", "kind": "constant"}, {"_type": "tag", "name": "sentCount", "path": "/home/kavia/workspace/code-generation/territory-quest-318867-318876/game_backend/src/websocket/index.js", "pattern": "/^  let sentCount = 0;$/", "language": "JavaScript", "kind": "variable"}, {"_type": "tag", "name": "subscribeToUserNotifications", "path": "/home/kavia/workspace/code-generation/territory-quest-318867-318876/game_backend/src/websocket/index.js", "pattern": "/^const subscribeToUserNotifications = async (userId) => {$/", "language": "JavaScript", "kind": "constant"}, {"_type": "tag", "name": "supabase", "path": "/home/kavia/workspace/code-generation/territory-quest-318867-318876/game_backend/src/websocket/index.js", "pattern": "/^      const supabase = getSupabaseClient();$/", "language": "JavaScript", "kind": "constant"}, {"_type": "tag", "name": "supabase", "path": "/home/kavia/workspace/code-generation/territory-quest-318867-318876/game_backend/src/websocket/index.js", "pattern": "/^    const supabase = getSupabaseClient();$/", "language": "JavaScript", "kind": "constant"}, {"_type": "tag", "name": "supabaseClient", "path": "/home/kavia/workspace/code-generation/territory-quest-318867-318876/game_backend/src/websocket/index.js", "pattern": "/^let supabaseClient = null;$/", "language": "JavaScript", "kind": "variable"}, {"_type": "tag", "name": "timeoutThreshold", "path": "/home/kavia/workspace/code-generation/territory-quest-318867-318876/game_backend/src/websocket/index.js", "pattern": "/^  const timeoutThreshold = now - CONNECTION_TIMEOUT;$/", "language": "JavaScript", "kind": "constant"}, {"_type": "tag", "name": "totalConnections", "path": "/home/kavia/workspace/code-generation/territory-quest-318867-318876/game_backend/src/websocket/index.js", "pattern": "/^  const totalConnections = connections.size;$/", "language": "JavaScript", "kind": "constant"}, {"_type": "tag", "name": "uniqueUsers", "path": "/home/kavia/workspace/code-generation/territory-quest-318867-318876/game_backend/src/websocket/index.js", "pattern": "/^  const uniqueUsers = userConnections.size;$/", "language": "JavaScript", "kind": "constant"}, {"_type": "tag", "name": "unsubscribeFromUserNotifications", "path": "/home/kavia/workspace/code-generation/territory-quest-318867-318876/game_backend/src/websocket/index.js", "pattern": "/^const unsubscribeFromUserNotifications = async (userId) => {$/", "language": "JavaScript", "kind": "constant"}, {"_type": "tag", "name": "userConnections", "path": "/home/kavia/workspace/code-generation/territory-quest-318867-318876/game_backend/src/websocket/index.js", "pattern": "/^const userConnections = new Map(); \\/\\/ userId -> Set of connectionIds$/", "language": "JavaScript", "kind": "constant"}, {"_type": "tag", "name": "userConns", "path": "/home/kavia/workspace/code-generation/territory-quest-318867-318876/game_backend/src/websocket/index.js", "pattern": "/^      const userConns = userConnections.get(userId);$/", "language": "JavaScript", "kind": "constant"}, {"_type": "tag", "name": "userConns", "path": "/home/kavia/workspace/code-generation/territory-quest-318867-318876/game_backend/src/websocket/index.js", "pattern": "/^  const userConns = userConnections.get(userId);$/", "language": "JavaScript", "kind": "constant"}], "hash": "3c00c18273d3c78ddebf2d8a3d93d1fa", "format-version": 4, "code-base-name": "game_backend", "filename": "game_backend/src/websocket/index.js", "fields": [{"name": "let realtimeChannels = new Map(); \\/\\/ userId -> subscription", "scope": "", "scopeKind": "", "description": "unavailable"}, {"name": "let sentCount = 0;", "scope": "", "scopeKind": "", "description": "unavailable"}, {"name": "let supabaseClient = null;", "scope": "", "scopeKind": "", "description": "unavailable"}]}