{"is_source_file": false, "format": "", "description": "", "external_files": [], "external_methods": [], "published": [], "classes": [], "methods": [], "calls": [], "search-terms": [], "state": 2, "file_id": 28, "knowledge_revision": 89, "git_revision": "48a8f4bc6ce83e17c36db87c057f7e282740e193", "hash": "5e73eac15afdef7eb822efc9225e9efc", "format-version": 4, "code-base-name": "game_backend", "filename": "game_backend/openapi.json", "revision_history": [{"89": "48a8f4bc6ce83e17c36db87c057f7e282740e193"}]}