{"is_source_file": false, "format": "", "description": "", "external_files": [], "external_methods": [], "published": [], "classes": [], "methods": [], "calls": [], "search-terms": [], "state": 2, "file_id": 28, "knowledge_revision": 83, "git_revision": "04b3246851ae10567b69695e835750ddfc87619e", "hash": "c114e197d7c6b2ce60f473a6ead2219e", "format-version": 4, "code-base-name": "game_backend", "filename": "game_backend/openapi.json", "revision_history": [{"83": "04b3246851ae10567b69695e835750ddfc87619e"}]}