{"is_source_file": true, "format": "JavaScript", "description": "A Node.js script that verifies the backend setup by checking for required files, validating the OpenAPI spec, ensuring dependencies are installed, and verifying documentation completeness.", "external_files": ["src/server.js", "src/routes/index.js", "src/routes/zones.js", "src/routes/player.js", "src/routes/missions.js", "src/routes/notifications.js", "src/routes/leaderboard.js", "src/routes/utils.js", "src/middleware/auth.js", "src/utils/supabase.js", "openapi.json", "package.json", "rpc.sql", "schema.sql", "docs/RPC_AUDIT.md", "docs/README.md"], "external_methods": ["existsSync", "readFileSync", "fileURLToPath", "dirname", "join", "console.log"], "published": [], "classes": [], "methods": [{"name": "log.success", "description": "Logs a success message with green color formatting."}, {"name": "log.error", "description": "Logs an error message with red color formatting."}, {"name": "log.warn", "description": "Logs a warning message with yellow color formatting."}, {"name": "log.info", "description": "Logs an informational message with blue color formatting."}], "calls": ["console.log", "existsSync", "readFileSync", "join", "JSON.parse"], "search-terms": ["verify_setup", "openapi.json", "rpc.sql", "setup verification", "required files check", "package dependencies", "RPC audit"], "state": 2, "file_id": 36, "knowledge_revision": 103, "git_revision": "48a8f4bc6ce83e17c36db87c057f7e282740e193", "ctags": [{"_type": "tag", "name": "__dirname", "path": "/home/kavia/workspace/code-generation/territory-quest-318867-318876/game_backend/scripts/verify_setup.js", "pattern": "/^const __dirname = dirname(__filename);$/", "language": "JavaScript", "kind": "constant"}, {"_type": "tag", "name": "__filename", "path": "/home/kavia/workspace/code-generation/territory-quest-318867-318876/game_backend/scripts/verify_setup.js", "pattern": "/^const __filename = fileURLToPath(import.meta.url);$/", "language": "JavaScript", "kind": "constant"}, {"_type": "tag", "name": "auditContent", "path": "/home/kavia/workspace/code-generation/territory-quest-318867-318876/game_backend/scripts/verify_setup.js", "pattern": "/^  const auditContent = readFileSync(auditPath, 'utf8');$/", "language": "JavaScript", "kind": "constant"}, {"_type": "tag", "name": "auditPath", "path": "/home/kavia/workspace/code-generation/territory-quest-318867-318876/game_backend/scripts/verify_setup.js", "pattern": "/^  const auditPath = join(projectRoot, 'docs\\/RPC_AUDIT.md');$/", "language": "JavaScript", "kind": "constant"}, {"_type": "tag", "name": "blue", "path": "/home/kavia/workspace/code-generation/territory-quest-318867-318876/game_backend/scripts/verify_setup.js", "pattern": "/^  blue: '\\\\x1b[34m',$/", "language": "JavaScript", "kind": "property", "scope": "colors", "scopeKind": "class"}, {"_type": "tag", "name": "colors", "path": "/home/kavia/workspace/code-generation/territory-quest-318867-318876/game_backend/scripts/verify_setup.js", "pattern": "/^const colors = {$/", "language": "JavaScript", "kind": "class"}, {"_type": "tag", "name": "error", "path": "/home/kavia/workspace/code-generation/territory-quest-318867-318876/game_backend/scripts/verify_setup.js", "pattern": "/^  error: (msg) => console.log(`${colors.red}\u274c ${msg}${colors.reset}`),$/", "language": "JavaScript", "kind": "property", "scope": "log", "scopeKind": "class"}, {"_type": "tag", "name": "failed", "path": "/home/kavia/workspace/code-generation/territory-quest-318867-318876/game_backend/scripts/verify_setup.js", "pattern": "/^let failed = 0;$/", "language": "JavaScript", "kind": "variable"}, {"_type": "tag", "name": "filePath", "path": "/home/kavia/workspace/code-generation/territory-quest-318867-318876/game_backend/scripts/verify_setup.js", "pattern": "/^  const filePath = join(projectRoot, file);$/", "language": "JavaScript", "kind": "constant"}, {"_type": "tag", "name": "green", "path": "/home/kavia/workspace/code-generation/territory-quest-318867-318876/game_backend/scripts/verify_setup.js", "pattern": "/^  green: '\\\\x1b[32m',$/", "language": "JavaScript", "kind": "property", "scope": "colors", "scopeKind": "class"}, {"_type": "tag", "name": "hasDistanceEndpoint", "path": "/home/kavia/workspace/code-generation/territory-quest-318867-318876/game_backend/scripts/verify_setup.js", "pattern": "/^  const hasDistanceEndpoint = openapi.paths?.['\\/api\\/utils\\/distance']?.post;$/", "language": "JavaScript", "kind": "constant"}, {"_type": "tag", "name": "hasUtilsTag", "path": "/home/kavia/workspace/code-generation/territory-quest-318867-318876/game_backend/scripts/verify_setup.js", "pattern": "/^  const hasUtilsTag = openapi.tags?.some(tag => tag.name === 'Utils');$/", "language": "JavaScript", "kind": "constant"}, {"_type": "tag", "name": "info", "path": "/home/kavia/workspace/code-generation/territory-quest-318867-318876/game_backend/scripts/verify_setup.js", "pattern": "/^  info: (msg) => console.log(`${colors.blue}\u2139\ufe0f  ${msg}${colors.reset}`)$/", "language": "JavaScript", "kind": "property", "scope": "log", "scopeKind": "class"}, {"_type": "tag", "name": "log", "path": "/home/kavia/workspace/code-generation/territory-quest-318867-318876/game_backend/scripts/verify_setup.js", "pattern": "/^const log = {$/", "language": "JavaScript", "kind": "class"}, {"_type": "tag", "name": "openapi", "path": "/home/kavia/workspace/code-generation/territory-quest-318867-318876/game_backend/scripts/verify_setup.js", "pattern": "/^  const openapi = JSON.parse(openapiContent);$/", "language": "JavaScript", "kind": "constant"}, {"_type": "tag", "name": "openapiContent", "path": "/home/kavia/workspace/code-generation/territory-quest-318867-318876/game_backend/scripts/verify_setup.js", "pattern": "/^  const openapiContent = readFileSync(openapiPath, 'utf8');$/", "language": "JavaScript", "kind": "constant"}, {"_type": "tag", "name": "openapiPath", "path": "/home/kavia/workspace/code-generation/territory-quest-318867-318876/game_backend/scripts/verify_setup.js", "pattern": "/^  const openapiPath = join(projectRoot, 'openapi.json');$/", "language": "JavaScript", "kind": "constant"}, {"_type": "tag", "name": "packageContent", "path": "/home/kavia/workspace/code-generation/territory-quest-318867-318876/game_backend/scripts/verify_setup.js", "pattern": "/^  const packageContent = readFileSync(packagePath, 'utf8');$/", "language": "JavaScript", "kind": "constant"}, {"_type": "tag", "name": "packagePath", "path": "/home/kavia/workspace/code-generation/territory-quest-318867-318876/game_backend/scripts/verify_setup.js", "pattern": "/^  const packagePath = join(projectRoot, 'package.json');$/", "language": "JavaScript", "kind": "constant"}, {"_type": "tag", "name": "passed", "path": "/home/kavia/workspace/code-generation/territory-quest-318867-318876/game_backend/scripts/verify_setup.js", "pattern": "/^let passed = 0;$/", "language": "JavaScript", "kind": "variable"}, {"_type": "tag", "name": "pkg", "path": "/home/kavia/workspace/code-generation/territory-quest-318867-318876/game_backend/scripts/verify_setup.js", "pattern": "/^  const pkg = JSON.parse(packageContent);$/", "language": "JavaScript", "kind": "constant"}, {"_type": "tag", "name": "projectRoot", "path": "/home/kavia/workspace/code-generation/territory-quest-318867-318876/game_backend/scripts/verify_setup.js", "pattern": "/^const projectRoot = join(__dirname, '..');$/", "language": "JavaScript", "kind": "constant"}, {"_type": "tag", "name": "red", "path": "/home/kavia/workspace/code-generation/territory-quest-318867-318876/game_backend/scripts/verify_setup.js", "pattern": "/^  red: '\\\\x1b[31m',$/", "language": "JavaScript", "kind": "property", "scope": "colors", "scopeKind": "class"}, {"_type": "tag", "name": "requiredDeps", "path": "/home/kavia/workspace/code-generation/territory-quest-318867-318876/game_backend/scripts/verify_setup.js", "pattern": "/^  const requiredDeps = [$/", "language": "JavaScript", "kind": "constant"}, {"_type": "tag", "name": "requiredFiles", "path": "/home/kavia/workspace/code-generation/territory-quest-318867-318876/game_backend/scripts/verify_setup.js", "pattern": "/^const requiredFiles = [$/", "language": "JavaScript", "kind": "constant"}, {"_type": "tag", "name": "reset", "path": "/home/kavia/workspace/code-generation/territory-quest-318867-318876/game_backend/scripts/verify_setup.js", "pattern": "/^  reset: '\\\\x1b[0m'$/", "language": "JavaScript", "kind": "property", "scope": "colors", "scopeKind": "class"}, {"_type": "tag", "name": "sections", "path": "/home/kavia/workspace/code-generation/territory-quest-318867-318876/game_backend/scripts/verify_setup.js", "pattern": "/^  const sections = [$/", "language": "JavaScript", "kind": "constant"}, {"_type": "tag", "name": "success", "path": "/home/kavia/workspace/code-generation/territory-quest-318867-318876/game_backend/scripts/verify_setup.js", "pattern": "/^  success: (msg) => console.log(`${colors.green}\u2705 ${msg}${colors.reset}`),$/", "language": "JavaScript", "kind": "property", "scope": "log", "scopeKind": "class"}, {"_type": "tag", "name": "warn", "path": "/home/kavia/workspace/code-generation/territory-quest-318867-318876/game_backend/scripts/verify_setup.js", "pattern": "/^  warn: (msg) => console.log(`${colors.yellow}\u26a0\ufe0f  ${msg}${colors.reset}`),$/", "language": "JavaScript", "kind": "property", "scope": "log", "scopeKind": "class"}, {"_type": "tag", "name": "yellow", "path": "/home/kavia/workspace/code-generation/territory-quest-318867-318876/game_backend/scripts/verify_setup.js", "pattern": "/^  yellow: '\\\\x1b[33m',$/", "language": "JavaScript", "kind": "property", "scope": "colors", "scopeKind": "class"}], "hash": "fb0c568a78ccfe80aa9df1b0a5fe937d", "format-version": 4, "code-base-name": "game_backend", "filename": "game_backend/scripts/verify_setup.js", "fields": [{"name": "blue: '\\\\x1b[34m',", "scope": "colors", "scopeKind": "class", "description": "unavailable"}, {"name": "error: (msg) => console.log(`${colors.red}\u274c ${msg}${colors.reset}`),", "scope": "log", "scopeKind": "class", "description": "unavailable"}, {"name": "let failed = 0;", "scope": "", "scopeKind": "", "description": "unavailable"}, {"name": "green: '\\\\x1b[32m',", "scope": "colors", "scopeKind": "class", "description": "unavailable"}, {"name": "info: (msg) => console.log(`${colors.blue}\u2139\ufe0f  ${msg}${colors.reset}`)", "scope": "log", "scopeKind": "class", "description": "unavailable"}, {"name": "let passed = 0;", "scope": "", "scopeKind": "", "description": "unavailable"}, {"name": "red: '\\\\x1b[31m',", "scope": "colors", "scopeKind": "class", "description": "unavailable"}, {"name": "reset: '\\\\x1b[0m'", "scope": "colors", "scopeKind": "class", "description": "unavailable"}, {"name": "success: (msg) => console.log(`${colors.green}\u2705 ${msg}${colors.reset}`),", "scope": "log", "scopeKind": "class", "description": "unavailable"}, {"name": "warn: (msg) => console.log(`${colors.yellow}\u26a0\ufe0f  ${msg}${colors.reset}`),", "scope": "log", "scopeKind": "class", "description": "unavailable"}, {"name": "yellow: '\\\\x1b[33m',", "scope": "colors", "scopeKind": "class", "description": "unavailable"}], "revision_history": [{"103": "48a8f4bc6ce83e17c36db87c057f7e282740e193"}]}