{"is_source_file": true, "format": "JavaScript", "description": "This file defines and exports rate limiting middleware functions for different operation types (authentication, writing, reading) in an Express.js server. It utilizes the 'express-rate-limit' library to configure rate limits and customizes messages for each limiter.", "external_files": ["express-rate-limit"], "external_methods": ["rateLimit"], "published": ["authLimiter", "writeLimiter", "readLimiter"], "classes": [], "methods": [{"name": "authLimiter", "description": "Rate limiting middleware for authentication operations such as signup and login, restricting to 5 requests per 15 minutes."}, {"name": "writeLimiter", "description": "Rate limiting middleware for write operations (POST, PUT, DELETE), restricting to 30 requests per minute using environment variable for window size."}, {"name": "readLimiter", "description": "Rate limiting middleware for read operations (GET), allowing 100 requests per minute."}], "calls": ["rateLimit"], "search-terms": ["express-rate-limit", "rate limiting", "authLimiter", "writeLimiter", "readLimiter", "middleware"], "state": 2, "file_id": 41, "knowledge_revision": 125, "git_revision": "6e6bdce0066344a4bb7c1346d5958a1073ce50f2", "ctags": [{"_type": "tag", "name": "authLimiter", "path": "/home/kavia/workspace/code-generation/territory-quest-318867-318876/game_backend/src/middleware/rateLimiting.js", "pattern": "/^export const authLimiter = rateLimit({$/", "language": "JavaScript", "kind": "constant"}, {"_type": "tag", "name": "readLimiter", "path": "/home/kavia/workspace/code-generation/territory-quest-318867-318876/game_backend/src/middleware/rateLimiting.js", "pattern": "/^export const readLimiter = rateLimit({$/", "language": "JavaScript", "kind": "constant"}, {"_type": "tag", "name": "writeLimiter", "path": "/home/kavia/workspace/code-generation/territory-quest-318867-318876/game_backend/src/middleware/rateLimiting.js", "pattern": "/^export const writeLimiter = rateLimit({$/", "language": "JavaScript", "kind": "constant"}], "hash": "da770c9377bfeb536def35c2bc79665c", "format-version": 4, "code-base-name": "game_backend", "filename": "game_backend/src/middleware/rateLimiting.js", "revision_history": [{"125": "6e6bdce0066344a4bb7c1346d5958a1073ce50f2"}]}