{"is_source_file": false, "format": "", "description": "", "external_files": [], "external_methods": [], "published": [], "classes": [], "methods": [], "calls": [], "search-terms": [], "state": 2, "file_id": 32, "knowledge_revision": 99, "git_revision": "48a8f4bc6ce83e17c36db87c057f7e282740e193", "hash": "05e9589ad86ddfd53038f65c3eceb450", "format-version": 4, "code-base-name": "game_backend", "filename": "game_backend/docs/RPC_AUDIT.md", "revision_history": [{"99": "48a8f4bc6ce83e17c36db87c057f7e282740e193"}]}