{"is_source_file": true, "format": "JavaScript", "description": "This file sets up a logger utility using the Winston logging library for a Node.js project. It configures logging formats, console output, and file transports for production environments, exporting a logger instance used for application-wide logging.", "external_files": ["winston"], "external_methods": ["winston.createLogger", "winston.transports.Console", "winston.transports.File", "winston.format.combine", "winston.format.timestamp", "winston.format.printf", "winston.format.colorize", "winston.format.errors"], "published": ["logger"], "classes": [], "methods": [{"name": "logFormat", "description": "Defines the format for log messages, including timestamp, level, and message or stack trace."}], "calls": ["winston.createLogger", "winston.transports.Console", "winston.transports.File", "winston.format.combine", "winston.format.timestamp", "winston.format.printf", "winston.format.colorize", "winston.format.errors"], "search-terms": ["winston", "logger", "logFormat", "console transport", "file transport", "production environment", "error.log", "combined.log"], "state": 2, "file_id": 7, "knowledge_revision": 34, "git_revision": "c2b4720579c8e11ff8f0ec060c27f46eeddaf35b", "ctags": [{"_type": "tag", "name": "logFormat", "path": "/home/kavia/workspace/code-generation/territory-quest-318867-318876/game_backend/src/utils/logger.js", "pattern": "/^const logFormat = printf(({ level, message, timestamp, stack }) => {$/", "language": "JavaScript", "kind": "constant"}, {"_type": "tag", "name": "logger", "path": "/home/kavia/workspace/code-generation/territory-quest-318867-318876/game_backend/src/utils/logger.js", "pattern": "/^const logger = winston.createLogger({$/", "language": "JavaScript", "kind": "constant"}], "hash": "5645949394ad5fbd65b5c6426be82207", "format-version": 4, "code-base-name": "game_backend", "filename": "game_backend/src/utils/logger.js", "revision_history": [{"34": "c2b4720579c8e11ff8f0ec060c27f46eeddaf35b"}]}