{"is_source_file": false, "format": "", "description": "", "external_files": [], "external_methods": [], "published": [], "classes": [], "methods": [], "calls": [], "search-terms": [], "state": 2, "file_id": 33, "knowledge_revision": 100, "git_revision": "48a8f4bc6ce83e17c36db87c057f7e282740e193", "hash": "f72c9b71ed48532b3625f0eeceb8c973", "format-version": 4, "code-base-name": "game_backend", "filename": "game_backend/docs/README.md", "revision_history": [{"100": "48a8f4bc6ce83e17c36db87c057f7e282740e193"}]}