{"is_source_file": true, "format": "JavaScript", "description": "This file defines a global error handler middleware for a Node.js/Express backend, catching various types of errors and returning structured JSON responses, while logging errors using a logger utility.", "external_files": ["../utils/logger.js"], "external_methods": ["logger.error"], "published": ["errorHandler"], "classes": [], "methods": [{"name": "errorHandler", "description": "Middleware function to handle errors, log them, and send a standardized JSON error response."}], "calls": ["logger.error"], "search-terms": ["errorHandler", "middleware", "error handling", "Express error middleware", "logger.js"], "state": 2, "file_id": 8, "knowledge_revision": 35, "git_revision": "c2b4720579c8e11ff8f0ec060c27f46eeddaf35b", "ctags": [{"_type": "tag", "name": "errorHandler", "path": "/home/kavia/workspace/code-generation/territory-quest-318867-318876/game_backend/src/middleware/errorHandler.js", "pattern": "/^export const errorHandler = (err, req, res, next) => {$/", "language": "JavaScript", "kind": "constant"}, {"_type": "tag", "name": "errors", "path": "/home/kavia/workspace/code-generation/territory-quest-318867-318876/game_backend/src/middleware/errorHandler.js", "pattern": "/^  let errors = err.errors || null;$/", "language": "JavaScript", "kind": "variable"}, {"_type": "tag", "name": "message", "path": "/home/kavia/workspace/code-generation/territory-quest-318867-318876/game_backend/src/middleware/errorHandler.js", "pattern": "/^  let message = err.message || 'Internal Server Error';$/", "language": "JavaScript", "kind": "variable"}, {"_type": "tag", "name": "statusCode", "path": "/home/kavia/workspace/code-generation/territory-quest-318867-318876/game_backend/src/middleware/errorHandler.js", "pattern": "/^  let statusCode = err.statusCode || 500;$/", "language": "JavaScript", "kind": "variable"}], "hash": "3ba745ad6f6f2d51d14641dbc3a7945d", "format-version": 4, "code-base-name": "game_backend", "filename": "game_backend/src/middleware/errorHandler.js", "fields": [{"name": "let errors = err.errors || null;", "scope": "", "scopeKind": "", "description": "unavailable"}, {"name": "let message = err.message || 'Internal Server Error';", "scope": "", "scopeKind": "", "description": "unavailable"}, {"name": "let statusCode = err.statusCode || 500;", "scope": "", "scopeKind": "", "description": "unavailable"}], "revision_history": [{"35": "c2b4720579c8e11ff8f0ec060c27f46eeddaf35b"}]}