{"is_source_file": true, "format": "JavaScript", "description": "This file provides utility functions for interacting with a Supabase client, including lazy initialization of the client, access to the client instance, and a method to call remote procedure calls (RPCs). It manages environment variables required for configuration and includes error handling and logging.", "external_files": ["./logger.js"], "external_methods": ["createClient from '@supabase/supabase-js'"], "published": ["callRPC", "getSupabaseClient"], "classes": [], "methods": [{"name": "getSupabaseClient", "description": "Provides a singleton instance of the Supabase client, initializing it lazily when first accessed."}, {"name": "callRPC", "description": "Calls a Supabase RPC function with provided parameters and handles errors and logging."}], "calls": ["createClient", "getSupabaseClient", "client.rpc"], "search-terms": ["lazy initialization", "Supabase RPC", "supabase-js", "environment variables", "RPC call"], "state": 2, "file_id": 12, "knowledge_revision": 52, "git_revision": "f7a828da9e7f0829a4404b1fbb21d9f52533e2ef", "revision_history": [{"39": "c2b4720579c8e11ff8f0ec060c27f46eeddaf35b"}, {"52": "f7a828da9e7f0829a4404b1fbb21d9f52533e2ef"}], "ctags": [{"_type": "tag", "name": "callRPC", "path": "/home/kavia/workspace/code-generation/territory-quest-318867-318876/game_backend/src/utils/supabase.js", "pattern": "/^export const callRPC = async (functionName, params = {}) => {$/", "language": "JavaScript", "kind": "constant"}, {"_type": "tag", "name": "client", "path": "/home/kavia/workspace/code-generation/territory-quest-318867-318876/game_backend/src/utils/supabase.js", "pattern": "/^    const client = getSupabaseClient();$/", "language": "JavaScript", "kind": "constant"}, {"_type": "tag", "name": "client", "path": "/home/kavia/workspace/code-generation/territory-quest-318867-318876/game_backend/src/utils/supabase.js", "pattern": "/^  get client() {$/", "language": "JavaScript", "kind": "getter", "signature": "()", "scope": "supabaseClient", "scopeKind": "class"}, {"_type": "tag", "name": "getSupabaseClient", "path": "/home/kavia/workspace/code-generation/territory-quest-318867-318876/game_backend/src/utils/supabase.js", "pattern": "/^const getSupabaseClient = () => {$/", "language": "JavaScript", "kind": "constant"}, {"_type": "tag", "name": "supabase", "path": "/home/kavia/workspace/code-generation/territory-quest-318867-318876/game_backend/src/utils/supabase.js", "pattern": "/^let supabase = null;$/", "language": "JavaScript", "kind": "variable"}, {"_type": "tag", "name": "supabaseClient", "path": "/home/kavia/workspace/code-generation/territory-quest-318867-318876/game_backend/src/utils/supabase.js", "pattern": "/^const supabaseClient = {$/", "language": "JavaScript", "kind": "class"}], "hash": "6f370407c68eb31f86ba284a6b209dd3", "format-version": 4, "code-base-name": "game_backend", "filename": "game_backend/src/utils/supabase.js", "fields": [{"name": "let supabase = null;", "scope": "", "scopeKind": "", "description": "unavailable"}]}