{"is_source_file": true, "format": "SQL", "description": "This file contains stored procedures and functions for a TurfRun game backend, providing RPC-like interfaces for spatial queries, zone management, player stats, leaderboards, and mechanics such as zone capturing and defense updates.", "external_files": ["zones table", "users table", "functions generate_grid_id and generate_zone_geom"], "external_methods": ["ST_MakeEnvelope", "ST_DistanceSphere", "ST_MakePoint", "ST_Centroid"], "published": ["get_zones_in_bounds", "calculate_distance_meters", "get_zones_within_radius", "capture_zone", "get_player_stats", "get_leaderboard", "update_zone_defense", "is_in_attack_range"], "classes": [], "methods": [], "calls": ["ST_MakeEnvelope", "ST_DistanceSphere", "ST_MakePoint", "ST_Centroid"], "search-terms": ["get_zones_in_bounds", "calculate_distance_meters", "capture_zone", "get_player_stats", "get_leaderboard", "update_zone_defense", "is_in_attack_range", "zone_status", "zones", "users", "geography"], "state": 2, "file_id": 4, "knowledge_revision": 9, "git_revision": "2d4acf7d979bf16a753d2fd3d0fb320f3da6caa4", "hash": "68d722ca312088fa34752c30116e61c7", "format-version": 4, "code-base-name": "game_backend", "filename": "game_backend/rpc.sql", "revision_history": [{"9": "2d4acf7d979bf16a753d2fd3d0fb320f3da6caa4"}]}