{"is_source_file": false, "format": "", "description": "", "external_files": [], "external_methods": [], "published": [], "classes": [], "methods": [], "calls": [], "search-terms": ["Row Level Security", "RLS", "policies", "CREATE POLICY", "functions", "zones", "users", "security"], "state": 3, "file_id": 3, "knowledge_revision": 8, "git_revision": "2d4acf7d979bf16a753d2fd3d0fb320f3da6caa4", "hash": "c2b0841eddba32a6004c581ffc9bb1bb", "format-version": 4, "code-base-name": "game_backend", "filename": "game_backend/rls.sql", "revision_history": [{"8": "2d4acf7d979bf16a753d2fd3d0fb320f3da6caa4"}, {"13": "536fe4a6b2fa0c3b8cdf9e84c981fc2aac9de21e"}, {"14": "536fe4a6b2fa0c3b8cdf9e84c981fc2aac9de21e"}]}