{"is_source_file": true, "format": "JavaScript", "description": "Main server setup file for a Node.js Express backend. It initializes middleware, health check endpoint, API routes, WebSocket server, and process signal handlers.", "external_files": ["./middleware/errorHandler.js", "./middleware/requestLogger.js", "./middleware/notFoundHandler.js", "./utils/logger.js", "./routes/index.js", "./websocket/index.js"], "external_methods": ["errorHandler", "requestLogger", "notFoundHandler", "initializeWebSocket"], "published": ["app", "httpServer", "wss"], "classes": [], "methods": [{"name": "initializeWebSocket", "description": "Initializes WebSocket server using the 'ws' library and sets up WebSocket connections."}, {"name": "AnonymousFunctionbcb6272f0100(origin, callback)", "scope": "", "scopeKind": "", "description": "unavailable"}], "calls": ["express()", "createServer(app)", "new WebSocketServer()", "initializeWebSocket(wss)", "logger.info()", "process.on()"], "search-terms": ["server.js", "Express backend setup", "WebSocket initialization", "middleware setup", "health check endpoint", "signal handling"], "state": 2, "file_id": 6, "knowledge_revision": 33, "git_revision": "c2b4720579c8e11ff8f0ec060c27f46eeddaf35b", "ctags": [{"_type": "tag", "name": "ALLOWED_ORIGINS", "path": "/home/kavia/workspace/code-generation/territory-quest-318867-318876/game_backend/src/server.js", "pattern": "/^const ALLOWED_ORIGINS = process.env.ALLOWED_ORIGINS$/", "language": "JavaScript", "kind": "constant"}, {"_type": "tag", "name": "AnonymousFunctionbcb6272f0100", "path": "/home/kavia/workspace/code-generation/territory-quest-318867-318876/game_backend/src/server.js", "pattern": "/^  origin: function (origin, callback) {$/", "language": "JavaScript", "kind": "function", "signature": "(origin, callback)"}, {"_type": "tag", "name": "NODE_ENV", "path": "/home/kavia/workspace/code-generation/territory-quest-318867-318876/game_backend/src/server.js", "pattern": "/^const NODE_ENV = process.env.NODE_ENV || 'development';$/", "language": "JavaScript", "kind": "constant"}, {"_type": "tag", "name": "PORT", "path": "/home/kavia/workspace/code-generation/territory-quest-318867-318876/game_backend/src/server.js", "pattern": "/^const PORT = process.env.PORT || 3001;$/", "language": "JavaScript", "kind": "constant"}, {"_type": "tag", "name": "app", "path": "/home/kavia/workspace/code-generation/territory-quest-318867-318876/game_backend/src/server.js", "pattern": "/^const app = express();$/", "language": "JavaScript", "kind": "constant"}, {"_type": "tag", "name": "httpServer", "path": "/home/kavia/workspace/code-generation/territory-quest-318867-318876/game_backend/src/server.js", "pattern": "/^const httpServer = createServer(app);$/", "language": "JavaScript", "kind": "constant"}, {"_type": "tag", "name": "limiter", "path": "/home/kavia/workspace/code-generation/territory-quest-318867-318876/game_backend/src/server.js", "pattern": "/^const limiter = rateLimit({$/", "language": "JavaScript", "kind": "constant"}, {"_type": "tag", "name": "wss", "path": "/home/kavia/workspace/code-generation/territory-quest-318867-318876/game_backend/src/server.js", "pattern": "/^const wss = new WebSocketServer({ $/", "language": "JavaScript", "kind": "constant"}], "hash": "56402d80d1ae524b35565e2663060acf", "format-version": 4, "code-base-name": "game_backend", "filename": "game_backend/src/server.js", "revision_history": [{"33": "c2b4720579c8e11ff8f0ec060c27f46eeddaf35b"}]}