{"is_source_file": true, "format": "JavaScript (Node.js/Express)", "description": "This file defines Express.js route handlers for zone-related API endpoints in a game backend. It includes routes for fetching zones within bounds or radius, capturing a zone, attacking or defending zones, and checking attack range. Validation of request parameters is performed using Joi, and some routes require user authentication.", "external_files": ["../middleware/auth.js", "../utils/supabase.js", "../middleware/rateLimiting.js", "../utils/logger.js"], "external_methods": ["callRPC", "authenticate"], "published": ["router"], "classes": [], "methods": [{"name": "validate", "description": "Utility middleware for validating request parameters using Joi schemas, with options for abortEarly, allowUnknown, and stripUnknown."}], "calls": ["callRPC", "logger.error", "next"], "search-terms": ["zones", "attack", "capture", "attack-range", "middleware/auth", "rateLimiting"], "state": 2, "file_id": 14, "knowledge_revision": 113, "git_revision": "7b32d82aed68c50078d62934618de2741dd11fe7", "revision_history": [{"41": "c2b4720579c8e11ff8f0ec060c27f46eeddaf35b"}, {"57": "b6e1afb1699bb8488e9e9a23dadccf9079ddfd56"}, {"113": "7b32d82aed68c50078d62934618de2741dd11fe7"}], "ctags": [{"_type": "tag", "name": "abortEarly", "path": "/home/kavia/workspace/code-generation/territory-quest-318867-318876/game_backend/src/routes/zones.js", "pattern": "/^      abortEarly: false,$/", "language": "JavaScript", "kind": "property", "scope": "validationOptions", "scopeKind": "class"}, {"_type": "tag", "name": "allowUnknown", "path": "/home/kavia/workspace/code-generation/territory-quest-318867-318876/game_backend/src/routes/zones.js", "pattern": "/^      allowUnknown: true,$/", "language": "JavaScript", "kind": "property", "scope": "validationOptions", "scopeKind": "class"}, {"_type": "tag", "name": "errors", "path": "/home/kavia/workspace/code-generation/territory-quest-318867-318876/game_backend/src/routes/zones.js", "pattern": "/^      const errors = error.details.map(detail => ({$/", "language": "JavaScript", "kind": "constant"}, {"_type": "tag", "name": "router", "path": "/home/kavia/workspace/code-generation/territory-quest-318867-318876/game_backend/src/routes/zones.js", "pattern": "/^const router = express.Router();$/", "language": "JavaScript", "kind": "constant"}, {"_type": "tag", "name": "schemaToValidate", "path": "/home/kavia/workspace/code-generation/territory-quest-318867-318876/game_backend/src/routes/zones.js", "pattern": "/^    const schemaToValidate = Joi.object(schema);$/", "language": "JavaScript", "kind": "constant"}, {"_type": "tag", "name": "stripUnknown", "path": "/home/kavia/workspace/code-generation/territory-quest-318867-318876/game_backend/src/routes/zones.js", "pattern": "/^      stripUnknown: true$/", "language": "JavaScript", "kind": "property", "scope": "validationOptions", "scopeKind": "class"}, {"_type": "tag", "name": "toValidate", "path": "/home/kavia/workspace/code-generation/territory-quest-318867-318876/game_backend/src/routes/zones.js", "pattern": "/^    const toValidate = {};$/", "language": "JavaScript", "kind": "constant"}, {"_type": "tag", "name": "validate", "path": "/home/kavia/workspace/code-generation/territory-quest-318867-318876/game_backend/src/routes/zones.js", "pattern": "/^const validate = (schema) => {$/", "language": "JavaScript", "kind": "constant"}, {"_type": "tag", "name": "validationOptions", "path": "/home/kavia/workspace/code-generation/territory-quest-318867-318876/game_backend/src/routes/zones.js", "pattern": "/^    const validationOptions = {$/", "language": "JavaScript", "kind": "class"}], "hash": "5d11c3dd18758b1dec510c6b074946ec", "format-version": 4, "code-base-name": "game_backend", "filename": "game_backend/src/routes/zones.js", "fields": [{"name": "abortEarly: false,", "scope": "validationOptions", "scopeKind": "class", "description": "unavailable"}, {"name": "allowUnknown: true,", "scope": "validationOptions", "scopeKind": "class", "description": "unavailable"}, {"name": "stripUnknown: true", "scope": "validationOptions", "scopeKind": "class", "description": "unavailable"}]}