{"is_source_file": true, "format": "JavaScript", "description": "This file implements a middleware function for handling 404 Not Found errors in a web server, providing a consistent error response for undefined routes.", "external_files": [], "external_methods": ["res.status", "res.json"], "published": ["notFoundHandler"], "classes": [], "methods": [{"name": "notFoundHandler", "description": "Middleware function to handle requests to undefined routes, returning a 404 error response."}], "calls": ["res.status", "res.json"], "search-terms": ["notFoundHandler", "404 middleware", "error handling", "undefined routes"], "state": 2, "file_id": 10, "knowledge_revision": 37, "git_revision": "c2b4720579c8e11ff8f0ec060c27f46eeddaf35b", "ctags": [{"_type": "tag", "name": "notFoundHandler", "path": "/home/kavia/workspace/code-generation/territory-quest-318867-318876/game_backend/src/middleware/notFoundHandler.js", "pattern": "/^export const notFoundHandler = (req, res, next) => {$/", "language": "JavaScript", "kind": "constant"}], "hash": "6c3c90b96e41103dc19b79a8713ffe50", "format-version": 4, "code-base-name": "game_backend", "filename": "game_backend/src/middleware/notFoundHandler.js", "revision_history": [{"37": "c2b4720579c8e11ff8f0ec060c27f46eeddaf35b"}]}