{"is_source_file": true, "format": "JavaScript", "description": "This file defines Express.js routes for mission-related API endpoints, including fetching user missions and initializing missions, with authentication and validation middleware.", "external_files": ["../middleware/auth.js", "../utils/supabase.js", "../utils/logger.js"], "external_methods": ["authenticate", "callRPC", "logger.error", "validationResult", "query", "isIn"], "published": ["router"], "classes": [], "methods": [{"name": "validate", "description": "Validation middleware that checks request validation results and returns errors if present."}], "calls": ["callRPC('get_user_missions')", "callRPC('create_initial_missions')", "logger.error"], "search-terms": ["missions.js", "express.Router()", "get_user_missions", "create_initial_missions", "authenticate", "validationResult", "callRPC", "mission routes", "missions API", "missions endpoint"], "state": 2, "file_id": 16, "knowledge_revision": 43, "git_revision": "c2b4720579c8e11ff8f0ec060c27f46eeddaf35b", "ctags": [{"_type": "tag", "name": "errors", "path": "/home/kavia/workspace/code-generation/territory-quest-318867-318876/game_backend/src/routes/missions.js", "pattern": "/^  const errors = validationResult(req);$/", "language": "JavaScript", "kind": "constant"}, {"_type": "tag", "name": "router", "path": "/home/kavia/workspace/code-generation/territory-quest-318867-318876/game_backend/src/routes/missions.js", "pattern": "/^const router = express.Router();$/", "language": "JavaScript", "kind": "constant"}, {"_type": "tag", "name": "validate", "path": "/home/kavia/workspace/code-generation/territory-quest-318867-318876/game_backend/src/routes/missions.js", "pattern": "/^const validate = (req, res, next) => {$/", "language": "JavaScript", "kind": "constant"}], "hash": "66cf51ee3a76fb2349ce8ac45594db84", "format-version": 4, "code-base-name": "game_backend", "filename": "game_backend/src/routes/missions.js", "revision_history": [{"43": "c2b4720579c8e11ff8f0ec060c27f46eeddaf35b"}]}