{"is_source_file": true, "format": "JavaScript (Node.js with Express)", "description": "This file defines Express.js routes related to game zones, including fetching zones within bounds or nearby, capturing zones, attacking, defending, and checking attack range. It includes input validation, authentication middleware, and RPC calls to backend services.", "external_files": ["../middleware/auth.js", "../utils/supabase.js", "../utils/logger.js"], "external_methods": ["authenticate", "callRPC", "logger.error", "validationResult(req)"], "published": ["router"], "classes": [], "methods": [{"name": "validate", "description": "Middleware function to validate request inputs using express-validator."}], "calls": ["callRPC", "logger.error", "validationResult(req)"], "search-terms": ["zones", "get_zones_in_bounds", "get_zones_within_radius", "capture_zone", "attack_zone", "defend_zone", "is_in_attack_range", "express-validator", "middleware/auth", "supabase"], "state": 2, "file_id": 14, "knowledge_revision": 41, "git_revision": "c2b4720579c8e11ff8f0ec060c27f46eeddaf35b", "ctags": [{"_type": "tag", "name": "errors", "path": "/home/kavia/workspace/code-generation/territory-quest-318867-318876/game_backend/src/routes/zones.js", "pattern": "/^  const errors = validationResult(req);$/", "language": "JavaScript", "kind": "constant"}, {"_type": "tag", "name": "router", "path": "/home/kavia/workspace/code-generation/territory-quest-318867-318876/game_backend/src/routes/zones.js", "pattern": "/^const router = express.Router();$/", "language": "JavaScript", "kind": "constant"}, {"_type": "tag", "name": "validate", "path": "/home/kavia/workspace/code-generation/territory-quest-318867-318876/game_backend/src/routes/zones.js", "pattern": "/^const validate = (req, res, next) => {$/", "language": "JavaScript", "kind": "constant"}], "hash": "5c5be7c1c94c120f99ada375b34a1eb3", "format-version": 4, "code-base-name": "game_backend", "filename": "game_backend/src/routes/zones.js", "revision_history": [{"41": "c2b4720579c8e11ff8f0ec060c27f46eeddaf35b"}]}