{"is_source_file": true, "format": "JavaScript", "description": "This file implements a global error handling middleware for a Node.js backend, catching various error types, logging details, and returning standardized error responses.", "external_files": ["../utils/logger.js", "../utils/validation.js"], "external_methods": ["logger.error", "errorResponse"], "published": ["errorHandler"], "classes": [], "methods": [{"name": "errorHandler", "description": "Middleware function to handle errors, log details, and respond with a standardized error message."}], "calls": ["logger.error", "errorResponse"], "search-terms": ["errorHandler", "middleware", "global error handler", "errorResponse", "error logging", "error handling"], "state": 2, "file_id": 8, "knowledge_revision": 62, "git_revision": "b6e1afb1699bb8488e9e9a23dadccf9079ddfd56", "revision_history": [{"35": "c2b4720579c8e11ff8f0ec060c27f46eeddaf35b"}, {"62": "b6e1afb1699bb8488e9e9a23dadccf9079ddfd56"}], "ctags": [{"_type": "tag", "name": "errorHandler", "path": "/home/kavia/workspace/code-generation/territory-quest-318867-318876/game_backend/src/middleware/errorHandler.js", "pattern": "/^export const errorHandler = (err, req, res, next) => {$/", "language": "JavaScript", "kind": "constant"}, {"_type": "tag", "name": "errors", "path": "/home/kavia/workspace/code-generation/territory-quest-318867-318876/game_backend/src/middleware/errorHandler.js", "pattern": "/^  let errors = err.errors || null;$/", "language": "JavaScript", "kind": "variable"}, {"_type": "tag", "name": "message", "path": "/home/kavia/workspace/code-generation/territory-quest-318867-318876/game_backend/src/middleware/errorHandler.js", "pattern": "/^  let message = err.message || 'Internal Server Error';$/", "language": "JavaScript", "kind": "variable"}, {"_type": "tag", "name": "statusCode", "path": "/home/kavia/workspace/code-generation/territory-quest-318867-318876/game_backend/src/middleware/errorHandler.js", "pattern": "/^  let statusCode = err.statusCode || 500;$/", "language": "JavaScript", "kind": "variable"}], "hash": "1976d34df235dac963a989239ca09bac", "format-version": 4, "code-base-name": "game_backend", "filename": "game_backend/src/middleware/errorHandler.js", "fields": [{"name": "let errors = err.errors || null;", "scope": "", "scopeKind": "", "description": "unavailable"}, {"name": "let message = err.message || 'Internal Server Error';", "scope": "", "scopeKind": "", "description": "unavailable"}, {"name": "let statusCode = err.statusCode || 500;", "scope": "", "scopeKind": "", "description": "unavailable"}]}