{"is_source_file": true, "format": "JavaScript (ES6 module syntax)", "description": "This file defines the main routing endpoints for a backend API of a territory capture game, including documentation, websocket stats, and mounting route modules for various features.", "external_files": ["./zones.js", "./player.js", "./missions.js", "./notifications.js", "./leaderboard.js", "../websocket/index.js"], "external_methods": ["getConnectionStats"], "published": [], "classes": [], "methods": [{"name": "router.get('/')", "description": "Handles GET requests to the root of the API, providing API documentation and metadata."}, {"name": "router.get('/ws/stats')", "description": "Handles GET requests to fetch WebSocket connection statistics, returning current metrics or error if retrieval fails."}], "calls": ["getConnectionStats"], "search-terms": ["index.js", "API documentation", "WebSocket stats", "route mounting", "express Router"], "state": 2, "file_id": 13, "knowledge_revision": 67, "git_revision": "3c4159d74f2f003cbe8876e9308ab7832e027a58", "revision_history": [{"40": "c2b4720579c8e11ff8f0ec060c27f46eeddaf35b"}, {"67": "3c4159d74f2f003cbe8876e9308ab7832e027a58"}], "ctags": [{"_type": "tag", "name": "router", "path": "/home/kavia/workspace/code-generation/territory-quest-318867-318876/game_backend/src/routes/index.js", "pattern": "/^const router = express.Router();$/", "language": "JavaScript", "kind": "constant"}], "hash": "824c19142a8d8539bbdb8bcdb9b46819", "format-version": 4, "code-base-name": "game_backend", "filename": "game_backend/src/routes/index.js"}