{"is_source_file": true, "format": "SQL", "description": "This file defines the database schema for the TurfRun game, including tables for users and zones, enums, helper functions for spatial grid calculations, and triggers for timestamp updates.", "external_files": ["postgis"], "external_methods": ["gen_random_uuid()", "NOW()", "ST_MakeEnvelope()"], "published": ["generate_grid_id", "generate_zone_geom", "get_zone_id_at_location"], "classes": [], "methods": [{"name": "generate_grid_id", "description": "Generates a grid identifier based on latitude and longitude by snapping to a 50m grid size."}, {"name": "generate_zone_geom", "description": "Creates a 50m x 50m polygon geometry for a zone at given latitude and longitude, snapping to the grid."}, {"name": "get_zone_id_at_location", "description": "Returns the zone grid ID corresponding to specific latitude and longitude coordinates."}], "calls": ["generate_grid_id", "generate_zone_geom", "get_zone_id_at_location", "ST_MakeEnvelope", "NOW()"], "search-terms": ["PostGIS", "zone geometries", "grid calculation", "game database schema", "spatial index", "zone status enum"], "state": 2, "file_id": 2, "knowledge_revision": 7, "git_revision": "2d4acf7d979bf16a753d2fd3d0fb320f3da6caa4", "hash": "42fc14f48c44414310dbb50b7e6f9c9a", "format-version": 4, "code-base-name": "game_backend", "filename": "game_backend/schema.sql", "revision_history": [{"7": "2d4acf7d979bf16a753d2fd3d0fb320f3da6caa4"}]}