{"is_source_file": true, "format": "SQL", "description": "This file contains Row Level Security (RLS) policies for various tables in a database schema related to a game backend. It defines access controls and policies for users, zones, missions, notifications, activity logs, and includes auxiliary functions for ownership and attackability checks.", "external_files": [], "external_methods": ["auth.uid()", "OLD", "NEW"], "published": ["user_owns_zone", "zone_is_attackable", "is_authenticated"], "classes": [], "methods": [{"name": "user_owns_zone", "description": "Checks if a user owns a specific zone based on zone ID and user ID."}, {"name": "zone_is_attackable", "description": "Determines if a zone can be attacked by a user, based on zone ownership."}, {"name": "is_authenticated", "description": "Verifies if the current user context is authenticated."}], "calls": ["zones WHERE id = zone_id AND owner_id = user_id", "zones WHERE id = zone_id", "auth.uid()"], "search-terms": ["Row Level Security policies", "PostgreSQL RLS", "policy creation", "game backend security", "_sys", "zones ownership", "mission creation restrictions", "notification access control", "activity log security"], "state": 2, "file_id": 3, "knowledge_revision": 15, "git_revision": "536fe4a6b2fa0c3b8cdf9e84c981fc2aac9de21e", "revision_history": [{"8": "2d4acf7d979bf16a753d2fd3d0fb320f3da6caa4"}, {"13": "536fe4a6b2fa0c3b8cdf9e84c981fc2aac9de21e"}, {"14": "536fe4a6b2fa0c3b8cdf9e84c981fc2aac9de21e"}, {"15": "536fe4a6b2fa0c3b8cdf9e84c981fc2aac9de21e"}], "hash": "49fe7d9e6b19639f1b60f77a3dead545", "format-version": 4, "code-base-name": "game_backend", "filename": "game_backend/rls.sql"}