{"is_source_file": true, "format": "JavaScript", "description": "This file defines Express.js routes related to user missions in a game backend, including fetching and initializing missions, with validation and authentication middleware.", "external_files": ["../middleware/auth.js", "../utils/supabase.js", "../utils/logger.js"], "external_methods": ["authenticate", "callRPC", "logger.error"], "published": [], "classes": [], "methods": [{"name": "validate", "description": "A utility middleware to validate request data using Joi schemas before passing to route handlers."}], "calls": ["callRPC('get_user_missions', ...)", "callRPC('create_initial_missions', ...)"], "search-terms": ["missions", "get_user_missions", "create_initial_missions", "authenticate", "express.Router", "validation", "Joi", "middleware"], "state": 2, "file_id": 16, "knowledge_revision": 59, "git_revision": "b6e1afb1699bb8488e9e9a23dadccf9079ddfd56", "revision_history": [{"43": "c2b4720579c8e11ff8f0ec060c27f46eeddaf35b"}, {"59": "b6e1afb1699bb8488e9e9a23dadccf9079ddfd56"}], "ctags": [{"_type": "tag", "name": "abortEarly", "path": "/home/kavia/workspace/code-generation/territory-quest-318867-318876/game_backend/src/routes/missions.js", "pattern": "/^      abortEarly: false,$/", "language": "JavaScript", "kind": "property", "scope": "validationOptions", "scopeKind": "class"}, {"_type": "tag", "name": "allowUnknown", "path": "/home/kavia/workspace/code-generation/territory-quest-318867-318876/game_backend/src/routes/missions.js", "pattern": "/^      allowUnknown: true,$/", "language": "JavaScript", "kind": "property", "scope": "validationOptions", "scopeKind": "class"}, {"_type": "tag", "name": "errors", "path": "/home/kavia/workspace/code-generation/territory-quest-318867-318876/game_backend/src/routes/missions.js", "pattern": "/^      const errors = error.details.map(detail => ({$/", "language": "JavaScript", "kind": "constant"}, {"_type": "tag", "name": "router", "path": "/home/kavia/workspace/code-generation/territory-quest-318867-318876/game_backend/src/routes/missions.js", "pattern": "/^const router = express.Router();$/", "language": "JavaScript", "kind": "constant"}, {"_type": "tag", "name": "schemaToValidate", "path": "/home/kavia/workspace/code-generation/territory-quest-318867-318876/game_backend/src/routes/missions.js", "pattern": "/^    const schemaToValidate = Joi.object(schema);$/", "language": "JavaScript", "kind": "constant"}, {"_type": "tag", "name": "stripUnknown", "path": "/home/kavia/workspace/code-generation/territory-quest-318867-318876/game_backend/src/routes/missions.js", "pattern": "/^      stripUnknown: true$/", "language": "JavaScript", "kind": "property", "scope": "validationOptions", "scopeKind": "class"}, {"_type": "tag", "name": "toValidate", "path": "/home/kavia/workspace/code-generation/territory-quest-318867-318876/game_backend/src/routes/missions.js", "pattern": "/^    const toValidate = {};$/", "language": "JavaScript", "kind": "constant"}, {"_type": "tag", "name": "validate", "path": "/home/kavia/workspace/code-generation/territory-quest-318867-318876/game_backend/src/routes/missions.js", "pattern": "/^const validate = (schema) => {$/", "language": "JavaScript", "kind": "constant"}, {"_type": "tag", "name": "validationOptions", "path": "/home/kavia/workspace/code-generation/territory-quest-318867-318876/game_backend/src/routes/missions.js", "pattern": "/^    const validationOptions = {$/", "language": "JavaScript", "kind": "class"}], "hash": "dbc3880104aa9fda88b967f319674b46", "format-version": 4, "code-base-name": "game_backend", "filename": "game_backend/src/routes/missions.js", "fields": [{"name": "abortEarly: false,", "scope": "validationOptions", "scopeKind": "class", "description": "unavailable"}, {"name": "allowUnknown: true,", "scope": "validationOptions", "scopeKind": "class", "description": "unavailable"}, {"name": "stripUnknown: true", "scope": "validationOptions", "scopeKind": "class", "description": "unavailable"}]}